,mean_fit_time,std_fit_time,mean_score_time,std_score_time,param_C,param_epsilon,param_kernel,params,split0_test_score,split1_test_score,split2_test_score,mean_test_score,std_test_score,rank_test_score
0,4.602661609649658,0.08311503353033918,2.6366144816080728,0.03381961278062113,63.99979293280299,0.45624460780405274,rbf,"OrderedDict([('C', 63.99979293280299), ('epsilon', 0.45624460780405274), ('kernel', 'rbf')])",-14.195294502895065,-4.87179449671241,-10.340824624443426,-9.802637874683633,3.8252796694738325,189
1,4.715057293574016,0.03793132273423073,2.69059419631958,0.059711856884195925,38.27520777332384,0.18300945555293105,rbf,"OrderedDict([('C', 38.27520777332384), ('epsilon', 0.18300945555293105), ('kernel', 'rbf')])",-11.027973192937928,-6.004640059570612,-12.15713414447139,-9.72991579899331,2.674199022095587,188
2,4.652949094772339,0.11721314883828585,2.6248640219370523,0.07188478596981292,31.871705083592712,0.5569523338288654,rbf,"OrderedDict([('C', 31.871705083592712), ('epsilon', 0.5569523338288654), ('kernel', 'rbf')])",-8.07665304260503,-4.187607649308535,-10.859229998682691,-7.707830230198752,2.736135826718725,152
3,4.489831606547038,0.10528140924816803,2.5564136505126953,0.054818862774100384,69.0556766371082,0.7970906367710188,rbf,"OrderedDict([('C', 69.0556766371082), ('epsilon', 0.7970906367710188), ('kernel', 'rbf')])",-6.6801302194016055,-5.699850473037097,-7.494247332153888,-6.624742674864197,0.7336056420491252,126
4,4.625743309656779,0.07405206815339913,2.725741147994995,0.15473479518817704,58.835529778277504,0.4085522457044098,rbf,"OrderedDict([('C', 58.835529778277504), ('epsilon', 0.4085522457044098), ('kernel', 'rbf')])",-11.411021713736737,-2.7770026961301117,-9.446590377781146,-7.878204929215998,3.695172146242661,160
5,4.645049571990967,0.03529646018812313,2.537231922149658,0.012962443471920498,55.5550427599913,0.5705719708781513,rbf,"OrderedDict([('C', 55.5550427599913), ('epsilon', 0.5705719708781513), ('kernel', 'rbf')])",-3.9288976804290976,-6.474787268161019,-9.378732254439996,-6.594139067676704,2.226485700239559,121
6,4.540301243464152,0.058550864696848795,2.7783893744150796,0.10191149254627324,18.91300484796736,0.5018077988400519,rbf,"OrderedDict([('C', 18.91300484796736), ('epsilon', 0.5018077988400519), ('kernel', 'rbf')])",-7.42029696360598,-6.418542805414332,-7.134924194453263,-6.991254654491192,0.42139336405014677,133
7,4.59192689259847,0.11883143134493264,2.6452647050221763,0.10454886003813685,93.96201557913356,0.35418912136841946,rbf,"OrderedDict([('C', 93.96201557913356), ('epsilon', 0.35418912136841946), ('kernel', 'rbf')])",-7.290128325250982,-9.392025710848841,-12.39368482812533,-9.691946288075052,2.0942837294232666,187
8,4.531400918960571,0.06059655638158864,2.7085466384887695,0.010129675493228152,91.48569201218389,0.30932377148936396,rbf,"OrderedDict([('C', 91.48569201218389), ('epsilon', 0.30932377148936396), ('kernel', 'rbf')])",-6.388948607864864,-7.12450884955454,-14.777684110328495,-9.430380522582633,3.7930202532132156,181
9,4.704618771870931,0.081804461299758,2.7292299270629883,0.1269251492224252,19.989664554620738,0.2765914355345883,rbf,"OrderedDict([('C', 19.989664554620738), ('epsilon', 0.2765914355345883), ('kernel', 'rbf')])",-8.46529269330595,-11.332988631775018,-9.238914684009538,-9.679065336363502,1.2113957367306285,186
10,4.665244817733765,0.09146455564230453,2.657373825709025,0.06187628464606328,15.0,0.7854735616058784,rbf,"OrderedDict([('C', 15.0), ('epsilon', 0.7854735616058784), ('kernel', 'rbf')])",-5.018761317064146,-5.0924339854065614,-5.441916386441623,-5.184370562970777,0.18457934862027947,76
11,4.6378960609436035,0.09605796744683097,2.712165911992391,0.16678211033479992,15.0,0.9955137449695449,rbf,"OrderedDict([('C', 15.0), ('epsilon', 0.9955137449695449), ('kernel', 'rbf')])",-2.756636629131971,-3.144983035428342,-6.131575163348448,-4.011064942636254,1.5077855572393766,51
12,4.549070040384929,0.08207340005398167,2.6996739705403647,0.08901600092027713,15.0,1.0,rbf,"OrderedDict([('C', 15.0), ('epsilon', 1.0), ('kernel', 'rbf')])",-2.7760113104445816,-2.5901614252657135,-4.242618928364152,-3.2029305546914824,0.7390755399902593,1
13,4.62133002281189,0.07507903302408943,2.587233225504557,0.06897758927365252,15.0,1.0,rbf,"OrderedDict([('C', 15.0), ('epsilon', 1.0), ('kernel', 'rbf')])",-2.7760113104445816,-2.5901614252657135,-4.242618928364152,-3.2029305546914824,0.7390755399902593,1
14,4.607969681421916,0.1047793285954029,2.673337936401367,0.02977894988108795,15.0,1.0,rbf,"OrderedDict([('C', 15.0), ('epsilon', 1.0), ('kernel', 'rbf')])",-2.7760113104445816,-2.5901614252657135,-4.242618928364152,-3.2029305546914824,0.7390755399902593,1
15,4.576706171035767,0.11456287841258858,2.680985371271769,0.043717160072996294,15.0,0.7543796660213157,rbf,"OrderedDict([('C', 15.0), ('epsilon', 0.7543796660213157), ('kernel', 'rbf')])",-5.435694189310935,-3.5970159711024268,-7.319144702871354,-5.450618287761571,1.5195893349851386,85
16,4.351214647293091,0.11467663200679486,2.4821510314941406,0.04867074613197531,100.0,1.0,rbf,"OrderedDict([('C', 100.0), ('epsilon', 1.0), ('kernel', 'rbf')])",-7.652396866014384,-2.611481883807557,-4.271510475765159,-4.845129741862366,2.097535897394486,64
17,4.4889562129974365,0.08849919509105236,2.7633636792500815,0.30097346670179964,100.0,0.6157312139861876,rbf,"OrderedDict([('C', 100.0), ('epsilon', 0.6157312139861876), ('kernel', 'rbf')])",-4.718187858403255,-4.526250083396672,-12.25981528055779,-7.1680844074525725,3.6012500135803065,136
18,4.492509682973226,0.07620708611941569,2.5441790421803794,0.056791751047457865,100.0,0.7059323859799007,rbf,"OrderedDict([('C', 100.0), ('epsilon', 0.7059323859799007), ('kernel', 'rbf')])",-5.435699778613582,-2.585239327107063,-6.515276577478761,-4.845405227733135,1.6578367309894433,67
19,4.655749479929606,0.11278174334886305,2.6877662340799966,0.13408703450169043,15.0,0.6851382416937234,rbf,"OrderedDict([('C', 15.0), ('epsilon', 0.6851382416937234), ('kernel', 'rbf')])",-9.297632710468609,-4.620490872190414,-7.384236642964047,-7.100786741874356,1.9199256632595436,134
20,4.511570453643799,0.08762946426443279,2.7300275961558023,0.06849490021693164,20.568877657559522,1.0,rbf,"OrderedDict([('C', 20.568877657559522), ('epsilon', 1.0), ('kernel', 'rbf')])",-8.635158758254017,-5.434701286319894,-5.431785507340178,-6.500548517304696,1.5093978459452082,117
21,4.5912119547526045,0.05090922774349546,2.716135263442993,0.14119675677905955,15.164301772720494,1.0,rbf,"OrderedDict([('C', 15.164301772720494), ('epsilon', 1.0), ('kernel', 'rbf')])",-3.0342940682343267,-4.4634702314893175,-3.6972733306247454,-3.73167921011613,0.5839657237725207,49
22,4.474071741104126,0.045049364022419415,2.5248664220174155,0.1340525996180337,100.0,1.0,rbf,"OrderedDict([('C', 100.0), ('epsilon', 1.0), ('kernel', 'rbf')])",-7.652396866014384,-2.611481883807557,-4.271510475765159,-4.845129741862366,2.097535897394486,64
23,4.428431351979573,0.13705109535537144,2.4765538374582925,0.035646977228117466,100.0,1.0,rbf,"OrderedDict([('C', 100.0), ('epsilon', 1.0), ('kernel', 'rbf')])",-7.652396866014384,-2.611481883807557,-4.271510475765159,-4.845129741862366,2.097535897394486,64
24,4.450658321380615,0.09155577779407742,2.5158778031667075,0.05843794447697541,100.0,0.8361997841965967,rbf,"OrderedDict([('C', 100.0), ('epsilon', 0.8361997841965967), ('kernel', 'rbf')])",-3.1949503822213017,-3.8790040877075582,-10.130960990915371,-5.73497182028141,3.12095316201591,91
25,4.692652543385823,0.014428498610271711,2.5682472387949624,0.04849512881736901,15.0,1.0,rbf,"OrderedDict([('C', 15.0), ('epsilon', 1.0), ('kernel', 'rbf')])",-2.7760113104445816,-2.5901614252657135,-4.242618928364152,-3.2029305546914824,0.7390755399902593,1
26,4.634512027104695,0.0912496517551944,2.5982538859049478,0.05841061762680195,15.0,0.9484987241028845,rbf,"OrderedDict([('C', 15.0), ('epsilon', 0.9484987241028845), ('kernel', 'rbf')])",-4.052734082460389,-2.7433035244354107,-5.704741284170903,-4.166926297022234,1.2116953130763242,53
27,4.591648499170939,0.10666125521467808,2.63059671719869,0.04992263151649935,15.0,0.9369156920711771,rbf,"OrderedDict([('C', 15.0), ('epsilon', 0.9369156920711771), ('kernel', 'rbf')])",-5.140802738396491,-4.601862175160432,-8.915487958760634,-6.21938429077252,1.9190875390976005,108
28,4.576904217402141,0.09122534492673269,2.6295971870422363,0.05891857365590088,15.0,0.9571527667768528,rbf,"OrderedDict([('C', 15.0), ('epsilon', 0.9571527667768528), ('kernel', 'rbf')])",-8.31390009725085,-8.457867202687876,-10.19430235894925,-8.988689886295992,0.8545204142382267,175
29,4.361499389012654,0.1517611564024457,2.5572644074757895,0.15408388979473736,99.55843136221377,0.9899491214033956,rbf,"OrderedDict([('C', 99.55843136221377), ('epsilon', 0.9899491214033956), ('kernel', 'rbf')])",-5.06658869257991,-3.836944631506744,-8.466519645628322,-5.790017656571659,1.958018267245624,92
30,4.505938768386841,0.10026141814494438,2.54339329401652,0.029393604586251548,99.02564166595722,0.7088540364573465,rbf,"OrderedDict([('C', 99.02564166595722), ('epsilon', 0.7088540364573465), ('kernel', 'rbf')])",-10.891225507944785,-7.552067836213107,-7.641065819723638,-8.69478638796051,1.553541924359775,170
31,4.66366974512736,0.04715485283080905,2.6618970235188804,0.1005681654076825,15.341430873869898,0.9455622555091082,rbf,"OrderedDict([('C', 15.341430873869898), ('epsilon', 0.9455622555091082), ('kernel', 'rbf')])",-6.929878086397684,-2.5875792774320487,-7.178463905102004,-5.5653070896439125,2.1080158000720743,87
32,4.711248874664307,0.036635175936645135,2.6761175791422525,0.09731391322021624,15.000000001698059,0.7713754324141797,rbf,"OrderedDict([('C', 15.000000001698059), ('epsilon', 0.7713754324141797), ('kernel', 'rbf')])",-8.104213375460182,-3.9985477824121864,-7.992606546190349,-6.698455901354239,1.9096669708148637,127
33,4.569453477859497,0.07276289734693969,2.777528921763102,0.07272089245117122,15.0,0.7979195144225755,rbf,"OrderedDict([('C', 15.0), ('epsilon', 0.7979195144225755), ('kernel', 'rbf')])",-5.64205240303435,-4.019430836415857,-8.12311592754785,-5.928199722332685,1.6874967749205658,99
34,4.51141357421875,0.09105043927320312,2.573450724283854,0.06408405151989956,100.0,0.6956933915794933,rbf,"OrderedDict([('C', 100.0), ('epsilon', 0.6956933915794933), ('kernel', 'rbf')])",-5.177758563546981,-9.855299517839658,-7.97075380112199,-7.667937294169543,1.921565459451134,150
35,4.614287455876668,0.06506841827538018,2.670045773188273,0.08620041253331714,16.12374477906722,0.7878677738357792,rbf,"OrderedDict([('C', 16.12374477906722), ('epsilon', 0.7878677738357792), ('kernel', 'rbf')])",-8.825735076004726,-4.283257652601132,-13.562415175889845,-8.890469301498568,3.788476736584604,174
36,4.389834801355998,0.12148828515331188,2.587973117828369,0.07530003266574069,98.99822915206664,1.0,rbf,"OrderedDict([('C', 98.99822915206664), ('epsilon', 1.0), ('kernel', 'rbf')])",-4.333518303561649,-4.639491728165497,-3.4262011143143676,-4.1330703820138375,0.5152042024637357,52
37,4.37590495745341,0.12334033526913017,2.5109254519144693,0.03994836860434748,98.33446213734688,1.0,rbf,"OrderedDict([('C', 98.33446213734688), ('epsilon', 1.0), ('kernel', 'rbf')])",-7.128844478318918,-2.651347291609494,-9.463809545210703,-6.414667105046372,2.8266526115479382,116
38,4.671698013941447,0.06969580609511693,2.618488311767578,0.08638517503420924,15.0,0.7400382398149191,rbf,"OrderedDict([('C', 15.0), ('epsilon', 0.7400382398149191), ('kernel', 'rbf')])",-5.788289600055463,-8.567742265626023,-7.791233575936553,-7.382421813872679,1.1709496353069304,146
39,4.490984916687012,0.09777728485905206,2.718264023462931,0.28841461265503565,100.0,0.7154890299485475,rbf,"OrderedDict([('C', 100.0), ('epsilon', 0.7154890299485475), ('kernel', 'rbf')])",-8.88647300572308,-7.994127758737021,-4.442307593968451,-7.107636119476184,1.91955760903714,135
40,4.381388028462728,0.06065270903385401,2.4872034390767417,0.10999298955408437,99.40017921646186,1.0,rbf,"OrderedDict([('C', 99.40017921646186), ('epsilon', 1.0), ('kernel', 'rbf')])",-4.383629149205053,-4.507845167808802,-7.343670302452829,-5.411714873155561,1.3670396825288418,84
41,4.386397282282512,0.11300108818649349,2.514328718185425,0.03803754601814136,99.2421757285388,0.8514830508179183,rbf,"OrderedDict([('C', 99.2421757285388), ('epsilon', 0.8514830508179183), ('kernel', 'rbf')])",-7.6202128207167625,-2.5789831256329965,-3.1774735264557683,-4.4588898242685095,2.248706295609941,60
42,4.434479236602783,0.05514374791796991,2.5096676349639893,0.06852745436546463,99.9538279505201,0.8543088499461592,rbf,"OrderedDict([('C', 99.9538279505201), ('epsilon', 0.8543088499461592), ('kernel', 'rbf')])",-8.330485395651289,-7.99243412535714,-12.579681690006483,-9.634200403671636,2.0873371667347618,183
43,4.469895203908284,0.0699095666939716,2.4989853700002036,0.04357947264702313,98.81650636441438,0.8492291840697209,rbf,"OrderedDict([('C', 98.81650636441438), ('epsilon', 0.8492291840697209), ('kernel', 'rbf')])",-8.317155932817036,-9.028511032715764,-11.414564274543038,-9.586743746691946,1.3246892543947466,182
44,4.652586142222087,0.06871053439696195,2.678036610285441,0.10282174620668237,100.0,0.001,rbf,"OrderedDict([('C', 100.0), ('epsilon', 0.001), ('kernel', 'rbf')])",-14.656036528858191,-7.866839065477736,-16.983592764564605,-13.168822786300177,3.8676136518093935,197
45,4.592528820037842,0.04884624833925106,2.6380658944447837,0.034338725696234196,15.0,1.0,rbf,"OrderedDict([('C', 15.0), ('epsilon', 1.0), ('kernel', 'rbf')])",-2.7760113104445816,-2.5901614252657135,-4.242618928364152,-3.2029305546914824,0.7390755399902593,1
46,4.739367326100667,0.023124130960332553,2.5636927286783853,0.01507811894047941,16.232510204535554,0.7552305607945966,rbf,"OrderedDict([('C', 16.232510204535554), ('epsilon', 0.7552305607945966), ('kernel', 'rbf')])",-7.311525441128732,-3.3689320412871813,-8.309893046273425,-6.330116842896447,2.133173854566924,113
47,4.612049579620361,0.07544030878029787,2.6102401415506997,0.04570258774700304,15.0,1.0,rbf,"OrderedDict([('C', 15.0), ('epsilon', 1.0), ('kernel', 'rbf')])",-2.7760113104445816,-2.5901614252657135,-4.242618928364152,-3.2029305546914824,0.7390755399902593,1
48,4.391560475031535,0.13182856053790792,2.5279438495635986,0.05075865012980029,100.0,0.8205752464667346,rbf,"OrderedDict([('C', 100.0), ('epsilon', 0.8205752464667346), ('kernel', 'rbf')])",-6.343411407347069,-2.649997326398195,-14.276535960870154,-7.756648231538473,4.850568962891894,158
49,4.397052923838298,0.11251920867981878,2.583305835723877,0.11011536826504686,100.0,0.9685487411928189,rbf,"OrderedDict([('C', 100.0), ('epsilon', 0.9685487411928189), ('kernel', 'rbf')])",-5.785651288111945,-2.6303300867064148,-8.9912186921108,-5.80240002230972,2.596848904944062,94
50,4.42583703994751,0.15085584580628203,2.452777862548828,0.025358603465781223,98.54798916287666,0.9661638489755142,rbf,"OrderedDict([('C', 98.54798916287666), ('epsilon', 0.9661638489755142), ('kernel', 'rbf')])",-9.287200133594766,-8.873313725311942,-8.48745578083764,-8.88265654658145,0.3265610955331164,173
51,4.593294461568196,0.07263983054085554,2.6320947806040444,0.04643002571754137,15.0,0.8215033360584902,rbf,"OrderedDict([('C', 15.0), ('epsilon', 0.8215033360584902), ('kernel', 'rbf')])",-4.969387774946606,-5.174071084967324,-2.8374235068282263,-4.326960788914053,1.0565714364215926,56
52,4.640565236409505,0.06472710227535469,2.650184710820516,0.08670747297449023,15.0,0.9995712670624108,rbf,"OrderedDict([('C', 15.0), ('epsilon', 0.9995712670624108), ('kernel', 'rbf')])",-6.736982554330476,-2.738615551517203,-5.109601552788889,-4.861733219545523,1.641709212023683,69
53,4.695773681004842,0.05740485034197117,2.6533681551615396,0.07748951146981584,15.0,1.0,rbf,"OrderedDict([('C', 15.0), ('epsilon', 1.0), ('kernel', 'rbf')])",-2.7760113104445816,-2.5901614252657135,-4.242618928364152,-3.2029305546914824,0.7390755399902593,1
54,4.576448520024617,0.04698048366083276,2.67142391204834,0.04598633766837951,15.0,1.0,rbf,"OrderedDict([('C', 15.0), ('epsilon', 1.0), ('kernel', 'rbf')])",-2.7760113104445816,-2.5901614252657135,-4.242618928364152,-3.2029305546914824,0.7390755399902593,1
55,4.566065788269043,0.10856228901498008,2.618586301803589,0.041148931761403225,15.0,1.0,rbf,"OrderedDict([('C', 15.0), ('epsilon', 1.0), ('kernel', 'rbf')])",-2.7760113104445816,-2.5901614252657135,-4.242618928364152,-3.2029305546914824,0.7390755399902593,1
56,4.602852503458659,0.06523163333703548,2.6159666379292807,0.05386340329887536,15.0,1.0,rbf,"OrderedDict([('C', 15.0), ('epsilon', 1.0), ('kernel', 'rbf')])",-2.7760113104445816,-2.5901614252657135,-4.242618928364152,-3.2029305546914824,0.7390755399902593,1
57,4.5605214436848955,0.048482086540424574,2.687807639439901,0.05123309966717065,15.0,1.0,rbf,"OrderedDict([('C', 15.0), ('epsilon', 1.0), ('kernel', 'rbf')])",-2.7760113104445816,-2.5901614252657135,-4.242618928364152,-3.2029305546914824,0.7390755399902593,1
58,4.586166858673096,0.061642561070640374,2.651437282562256,0.03776574284213618,15.0,1.0,rbf,"OrderedDict([('C', 15.0), ('epsilon', 1.0), ('kernel', 'rbf')])",-2.7760113104445816,-2.5901614252657135,-4.242618928364152,-3.2029305546914824,0.7390755399902593,1
59,4.673112630844116,0.031209864558661933,2.5528413454691568,0.01926983107225538,15.0,1.0,rbf,"OrderedDict([('C', 15.0), ('epsilon', 1.0), ('kernel', 'rbf')])",-2.7760113104445816,-2.5901614252657135,-4.242618928364152,-3.2029305546914824,0.7390755399902593,1
60,4.567357937494914,0.105571500769141,2.6100432872772217,0.03684549321680355,15.0,1.0,rbf,"OrderedDict([('C', 15.0), ('epsilon', 1.0), ('kernel', 'rbf')])",-2.7760113104445816,-2.5901614252657135,-4.242618928364152,-3.2029305546914824,0.7390755399902593,1
61,4.6199532349904375,0.056326414989732454,2.8249852657318115,0.26275648311147687,15.0,1.0,rbf,"OrderedDict([('C', 15.0), ('epsilon', 1.0), ('kernel', 'rbf')])",-2.7760113104445816,-2.5901614252657135,-4.242618928364152,-3.2029305546914824,0.7390755399902593,1
62,4.5160839557647705,0.004847941845816888,2.6880396207173667,0.02874176943590802,15.0,0.8303043661279933,rbf,"OrderedDict([('C', 15.0), ('epsilon', 0.8303043661279933), ('kernel', 'rbf')])",-7.822499835061868,-3.958234541324739,-5.650547191461683,-5.8104271892827635,1.5816252770220842,95
63,4.643757104873657,0.04277444743460095,2.5912024974823,0.07192607731150202,15.0,1.0,rbf,"OrderedDict([('C', 15.0), ('epsilon', 1.0), ('kernel', 'rbf')])",-2.7760113104445816,-2.5901614252657135,-4.242618928364152,-3.2029305546914824,0.7390755399902593,1
64,4.659022887547811,0.07589187837955945,2.7045961221059165,0.12639731934957485,15.530827643293684,0.8166349737796809,rbf,"OrderedDict([('C', 15.530827643293684), ('epsilon', 0.8166349737796809), ('kernel', 'rbf')])",-9.557100298972784,-6.301910336113415,-4.344209215782222,-6.73440661695614,2.1500152148312828,128
65,4.669320901234944,0.01102242881217442,2.605584462483724,0.04561104979319119,15.0,0.9867581222829706,rbf,"OrderedDict([('C', 15.0), ('epsilon', 0.9867581222829706), ('kernel', 'rbf')])",-7.788431625573708,-3.5915144070247744,-3.9507014860105234,-5.110215839536335,1.8994531997151909,73
66,4.508143345514934,0.042377195303474745,2.6529863675435386,0.023003427822943696,15.0,1.0,rbf,"OrderedDict([('C', 15.0), ('epsilon', 1.0), ('kernel', 'rbf')])",-2.7760113104445816,-2.5901614252657135,-4.242618928364152,-3.2029305546914824,0.7390755399902593,1
67,4.601908206939697,0.033266146341993805,2.5151650110880532,0.04520079166765072,46.30399109309916,0.9507515602923678,rbf,"OrderedDict([('C', 46.30399109309916), ('epsilon', 0.9507515602923678), ('kernel', 'rbf')])",-9.804709658932802,-4.211186583912236,-6.855009487029524,-6.9569685766248535,2.2846840539646047,132
68,4.634963035583496,0.07199335539975481,2.617178757985433,0.06320033289686783,16.312790427729492,1.0,rbf,"OrderedDict([('C', 16.312790427729492), ('epsilon', 1.0), ('kernel', 'rbf')])",-4.81602581421958,-3.8703115855411223,-7.180605694304112,-5.288981031354939,1.392186948578723,81
69,4.574236631393433,0.08808217039904032,2.7046355406443277,0.0740660543537867,67.4015174168847,0.12181549160169723,rbf,"OrderedDict([('C', 67.4015174168847), ('epsilon', 0.12181549160169723), ('kernel', 'rbf')])",-14.01049252142014,-9.687816404741914,-13.817441176840415,-12.505250034334159,1.9937847423562716,196
70,4.650900046030681,0.0843111239473018,2.6362778345743814,0.1352664792147129,15.0,1.0,rbf,"OrderedDict([('C', 15.0), ('epsilon', 1.0), ('kernel', 'rbf')])",-2.7760113104445816,-2.5901614252657135,-4.242618928364152,-3.2029305546914824,0.7390755399902593,1
71,4.549845139185588,0.12434777068882057,2.653592824935913,0.073819345213134,15.0,1.0,rbf,"OrderedDict([('C', 15.0), ('epsilon', 1.0), ('kernel', 'rbf')])",-2.7760113104445816,-2.5901614252657135,-4.242618928364152,-3.2029305546914824,0.7390755399902593,1
72,4.547111829121907,0.08335578196257881,2.5833415190378823,0.05603714495740965,40.38811373661173,0.7408417180581938,rbf,"OrderedDict([('C', 40.38811373661173), ('epsilon', 0.7408417180581938), ('kernel', 'rbf')])",-4.304528329418203,-8.094774634452023,-12.881250887446535,-8.426851283772253,3.509297045954344,169
73,4.487812439600627,0.11464230062669145,2.471730947494507,0.010587413251993753,78.5334005590882,0.9492665992680579,rbf,"OrderedDict([('C', 78.5334005590882), ('epsilon', 0.9492665992680579), ('kernel', 'rbf')])",-5.905012427662415,-3.610285726478557,-7.462677643578175,-5.659325265906382,1.5822984351510976,90
74,4.695696592330933,0.05538770532087713,2.678248961766561,0.04199091655273871,15.0,1.0,rbf,"OrderedDict([('C', 15.0), ('epsilon', 1.0), ('kernel', 'rbf')])",-2.7760113104445816,-2.5901614252657135,-4.242618928364152,-3.2029305546914824,0.7390755399902593,1
75,4.404019753138225,0.0994635689576208,2.6290488243103027,0.10834884727548487,79.07981812787594,0.9711088668363769,rbf,"OrderedDict([('C', 79.07981812787594), ('epsilon', 0.9711088668363769), ('kernel', 'rbf')])",-9.6554765388544,-5.537603113750733,-8.783179920943926,-7.992086524516353,1.7717396267881718,161
76,4.449776649475098,0.0942492394122322,2.582996686299642,0.05446688390352552,78.06379711513483,0.9304942534148375,rbf,"OrderedDict([('C', 78.06379711513483), ('epsilon', 0.9304942534148375), ('kernel', 'rbf')])",-4.055771458851341,-5.757943826533162,-7.780532793930941,-5.864749359771815,1.5225017388657365,97
77,4.581305424372355,0.08115893373131258,2.7501958211263022,0.16041638942461697,17.817646680714056,0.9923656801981322,rbf,"OrderedDict([('C', 17.817646680714056), ('epsilon', 0.9923656801981322), ('kernel', 'rbf')])",-5.326460770735131,-3.919420816208049,-6.330273488905893,-5.192051691949691,0.9888046664899821,77
78,4.516103188196818,0.07336025609418335,2.5996925036112466,0.059847291897174616,18.369903073273804,0.9781234024786859,rbf,"OrderedDict([('C', 18.369903073273804), ('epsilon', 0.9781234024786859), ('kernel', 'rbf')])",-5.169249980138467,-4.773405631948559,-4.62551505903334,-4.856056890373456,0.22954351656670527,68
79,4.580092589060466,0.06814352128305717,2.6855527559916177,0.013246115812084416,15.0,1.0,rbf,"OrderedDict([('C', 15.0), ('epsilon', 1.0), ('kernel', 'rbf')])",-2.7760113104445816,-2.5901614252657135,-4.242618928364152,-3.2029305546914824,0.7390755399902593,1
80,4.65213680267334,0.022940121834876336,2.563269933064779,0.019371493198029225,17.338954793694306,0.9794778272706911,rbf,"OrderedDict([('C', 17.338954793694306), ('epsilon', 0.9794778272706911), ('kernel', 'rbf')])",-7.743523247373175,-2.912748325537509,-9.087345677066763,-6.581205749992482,2.651370662747353,120
81,4.563089211781819,0.07247026995014566,2.6034297148386636,0.063446227950712,18.996548101395177,0.9859810221456509,rbf,"OrderedDict([('C', 18.996548101395177), ('epsilon', 0.9859810221456509), ('kernel', 'rbf')])",-8.52594686849853,-2.9415953721929164,-4.373373484239533,-5.280305241643659,2.368281981805065,79
82,4.660157283147176,0.008462573178310848,2.588102102279663,0.06923564047967759,19.141010872039917,0.9700468173335923,rbf,"OrderedDict([('C', 19.141010872039917), ('epsilon', 0.9700468173335923), ('kernel', 'rbf')])",-4.438268696332235,-3.8396788212356108,-6.063566550563289,-4.780504689377045,0.9395968157903614,63
83,4.512344042460124,0.04343756415083371,2.8296658198038735,0.2495188820782025,18.515401507820222,0.960624903584858,rbf,"OrderedDict([('C', 18.515401507820222), ('epsilon', 0.960624903584858), ('kernel', 'rbf')])",-2.7415694616304296,-5.326762512373171,-5.204768407172492,-4.424366793725365,1.1909592173552936,58
84,4.615937232971191,0.10853512515230211,2.57822314898173,0.027405183423625596,15.0,1.0,rbf,"OrderedDict([('C', 15.0), ('epsilon', 1.0), ('kernel', 'rbf')])",-2.7760113104445816,-2.5901614252657135,-4.242618928364152,-3.2029305546914824,0.7390755399902593,1
85,4.587659279505412,0.10231423420044804,2.6256563663482666,0.04475470903901099,19.274376081016175,0.9561525531865579,rbf,"OrderedDict([('C', 19.274376081016175), ('epsilon', 0.9561525531865579), ('kernel', 'rbf')])",-6.8834408524582065,-6.09300450302849,-5.925109650360452,-6.300518335282383,0.41784858993105356,111
86,4.653304656346639,0.042854651391018635,2.7219834327697754,0.19751484605985797,18.28689542120493,0.967375612175008,rbf,"OrderedDict([('C', 18.28689542120493), ('epsilon', 0.967375612175008), ('kernel', 'rbf')])",-5.832267585966374,-2.6145491385626345,-7.3950862919299665,-5.280634338819659,1.9902442560649989,80
87,4.541523615519206,0.06592633351107743,2.706944147745768,0.09190534180420211,17.962493245348583,0.9536888500666074,rbf,"OrderedDict([('C', 17.962493245348583), ('epsilon', 0.9536888500666074), ('kernel', 'rbf')])",-2.685005335001055,-5.111481066756527,-5.394505878951563,-4.396997426903048,1.2160628967096316,57
88,4.651371161142985,0.1216782855980161,2.5834359327952066,0.04275304773382038,15.0,1.0,rbf,"OrderedDict([('C', 15.0), ('epsilon', 1.0), ('kernel', 'rbf')])",-2.7760113104445816,-2.5901614252657135,-4.242618928364152,-3.2029305546914824,0.7390755399902593,1
89,4.60717757542928,0.049919464125423606,2.6054694652557373,0.062044741684912565,17.98726861136479,0.9420942438666068,rbf,"OrderedDict([('C', 17.98726861136479), ('epsilon', 0.9420942438666068), ('kernel', 'rbf')])",-10.41036167439017,-5.529524049871725,-7.28470468925794,-7.741530137839945,2.0186069614270843,155
90,4.563949982325236,0.10866798906873049,2.654046058654785,0.021391060266264545,17.71022285518643,0.9590428399316592,rbf,"OrderedDict([('C', 17.71022285518643), ('epsilon', 0.9590428399316592), ('kernel', 'rbf')])",-3.669982252730845,-3.777939711686623,-4.345464522802754,-3.931128829073407,0.296276057711589,50
91,4.666092872619629,0.042514049083462256,2.5361156463623047,0.01631036251244715,20.16324159694717,0.9753567917989393,rbf,"OrderedDict([('C', 20.16324159694717), ('epsilon', 0.9753567917989393), ('kernel', 'rbf')])",-8.29528979987221,-2.575834258060298,-7.016677112783707,-5.962600390238738,2.4510339622900785,103
92,4.483041365941365,0.02872078969984162,2.736013968785604,0.05921656343697978,17.248714916091007,0.9562752155158026,rbf,"OrderedDict([('C', 17.248714916091007), ('epsilon', 0.9562752155158026), ('kernel', 'rbf')])",-6.616923951688481,-4.932143728917884,-4.590696761978809,-5.379921480861725,0.885730524268564,83
93,4.629083474477132,0.08742335879489789,2.709139347076416,0.051590349133006544,27.142633671990662,0.002357194646131872,rbf,"OrderedDict([('C', 27.142633671990662), ('epsilon', 0.002357194646131872), ('kernel', 'rbf')])",-8.771464562657396,-3.309967780463937,-7.734978181426712,-6.605470174849349,2.368378915090679,124
94,4.576362768809001,0.06607454667150986,2.5751209259033203,0.042146389655319326,80.47221938577033,0.5129642626339301,rbf,"OrderedDict([('C', 80.47221938577033), ('epsilon', 0.5129642626339301), ('kernel', 'rbf')])",-10.849515055875607,-6.978497428623634,-4.561870124869061,-7.463294203122767,2.589709202339991,149
95,4.699337164560954,0.0064840084786260445,2.6355493863423667,0.06678332381433455,85.34132113051079,0.1250684689979526,rbf,"OrderedDict([('C', 85.34132113051079), ('epsilon', 0.1250684689979526), ('kernel', 'rbf')])",-9.399503253776349,-5.161765166958821,-6.999912125116152,-7.18706018195044,1.7351031322851496,139
96,4.617133220036824,0.06595531957134078,2.7942167123158774,0.08958681941331353,49.74147877365722,0.002700966500660033,rbf,"OrderedDict([('C', 49.74147877365722), ('epsilon', 0.002700966500660033), ('kernel', 'rbf')])",-14.680594815897953,-13.7267665491487,-18.38585901094847,-15.597740125331706,2.009585741865242,200
97,4.419805685679118,0.11562419675916641,2.666468620300293,0.04277232613627824,76.49869949171651,0.947149898420297,rbf,"OrderedDict([('C', 76.49869949171651), ('epsilon', 0.947149898420297), ('kernel', 'rbf')])",-7.047043926250772,-2.660920023136044,-6.402278094289242,-5.370080681225353,1.9336656636244767,82
98,4.444966395696004,0.07756526258792318,2.6281023025512695,0.1506591740970441,75.26066225907172,0.9370220044301864,rbf,"OrderedDict([('C', 75.26066225907172), ('epsilon', 0.9370220044301864), ('kernel', 'rbf')])",-11.02334016912331,-2.9968278741162906,-5.814163744212572,-6.611443929150724,3.324952799208431,125
99,4.395706256230672,0.0797200006785857,2.5910953680674234,0.06400074648753452,76.10350489079838,0.9637168457527422,rbf,"OrderedDict([('C', 76.10350489079838), ('epsilon', 0.9637168457527422), ('kernel', 'rbf')])",-9.603260472007488,-4.959182737829965,-5.021291009127921,-6.527911406321792,2.1747479955466593,118
100,4.430621067682902,0.10339809631594507,2.524847428003947,0.04390504399882012,80.229472229398,0.9339444879801811,rbf,"OrderedDict([('C', 80.229472229398), ('epsilon', 0.9339444879801811), ('kernel', 'rbf')])",-10.162002801737945,-5.646624146045612,-7.51998594856438,-7.776204298782646,1.8522773340425926,159
101,4.715284109115601,0.009832954842927158,2.693398952484131,0.07690375822594864,41.71516312077596,0.382323870390277,rbf,"OrderedDict([('C', 41.71516312077596), ('epsilon', 0.382323870390277), ('kernel', 'rbf')])",-7.931909804804152,-5.015821872004338,-6.694862894853319,-6.54753152388727,1.1950375468601326,119
102,4.567994991938273,0.07022983436418702,2.746642748514811,0.06399860905290534,74.57444027748028,0.3140120394381673,rbf,"OrderedDict([('C', 74.57444027748028), ('epsilon', 0.3140120394381673), ('kernel', 'rbf')])",-7.7615194453699745,-5.811274824717317,-9.446733190356925,-7.673175820148072,1.4854837212532856,151
103,4.573401530583699,0.03726943878627217,2.4904066721598306,0.005631231881836758,82.62763865128045,0.7078596513246664,rbf,"OrderedDict([('C', 82.62763865128045), ('epsilon', 0.7078596513246664), ('kernel', 'rbf')])",-10.863197974600583,-5.344167934991422,-8.292112776517639,-8.166492895369883,2.2548848323039703,164
104,4.616590261459351,0.078020848293839,2.8370612462361655,0.0656750229381947,53.54893876670781,0.22534149840607978,rbf,"OrderedDict([('C', 53.54893876670781), ('epsilon', 0.22534149840607978), ('kernel', 'rbf')])",-10.724258538531554,-4.9057247769370536,-18.650315309142275,-11.426766208203626,5.633150687016839,194
105,4.443456808725993,0.11739673759950475,2.7637155055999756,0.26013359010110904,61.265464517561604,0.9928188847766157,rbf,"OrderedDict([('C', 61.265464517561604), ('epsilon', 0.9928188847766157), ('kernel', 'rbf')])",-5.97123207877018,-5.83192235540421,-6.84547744243237,-6.216210625535587,0.44857875183118295,107
106,4.652506987253825,0.0754596927403631,2.732917229334513,0.07609064548888965,15.491727415032958,0.10297630941863134,rbf,"OrderedDict([('C', 15.491727415032958), ('epsilon', 0.10297630941863134), ('kernel', 'rbf')])",-9.167425764520493,-7.509039524116067,-9.599437062662526,-8.758634117099696,0.9010266091302117,171
107,4.574641307195027,0.03474283143358628,2.4959277311960855,0.0414434029520326,77.2717651889067,0.9041031441103226,rbf,"OrderedDict([('C', 77.2717651889067), ('epsilon', 0.9041031441103226), ('kernel', 'rbf')])",-3.0162913121815693,-4.070992168076793,-7.625177484945716,-4.9041536550680265,1.9716450806248436,70
108,4.425702969233195,0.07554824404266076,2.60322904586792,0.09613094526590424,77.26279516653047,0.8918008385615912,rbf,"OrderedDict([('C', 77.26279516653047), ('epsilon', 0.8918008385615912), ('kernel', 'rbf')])",-13.121027173637119,-4.6245037033998155,-13.13258438498538,-10.29270508734077,4.008026412834307,191
109,4.509763876597087,0.12124051862035744,2.5186007022857666,0.03560524992713693,77.25840588053535,0.9122215652361719,rbf,"OrderedDict([('C', 77.25840588053535), ('epsilon', 0.9122215652361719), ('kernel', 'rbf')])",-9.05881779965616,-2.5735722338597506,-6.184985114788729,-5.939125049434881,2.653292029532664,100
110,4.561121225357056,0.05244771677505644,2.6040960947672525,0.16461045838595803,54.39623677632727,0.8051167945569445,rbf,"OrderedDict([('C', 54.39623677632727), ('epsilon', 0.8051167945569445), ('kernel', 'rbf')])",-8.605221091093668,-5.049495923888056,-7.025886602315759,-6.893534539099161,1.4546324089274494,131
111,4.53445307413737,0.08801156448099345,2.6561331748962402,0.026273808078936287,18.06353408327094,0.9586654420802627,rbf,"OrderedDict([('C', 18.06353408327094), ('epsilon', 0.9586654420802627), ('kernel', 'rbf')])",-7.051055992392287,-3.834352401890012,-4.156342781593152,-5.01391705862515,1.446460214398763,71
112,4.572108904520671,0.01562376625972603,2.544268528620402,0.035028954296032574,69.22152392954442,0.6273663668305689,rbf,"OrderedDict([('C', 69.22152392954442), ('epsilon', 0.6273663668305689), ('kernel', 'rbf')])",-10.035157806570512,-6.103910986784033,-7.973937215965467,-8.037668669773337,1.6055573618266594,163
113,4.552591800689697,0.0790079825435472,2.6766326427459717,0.12557192188860164,18.562781849290758,1.0,rbf,"OrderedDict([('C', 18.562781849290758), ('epsilon', 1.0), ('kernel', 'rbf')])",-5.850267616901628,-2.931552972461785,-4.5445839633299725,-4.442134850897795,1.193760349873599,59
114,4.407122850418091,0.14140945252231088,2.5323646863301597,0.04682405682586534,77.47277990395304,0.9439308452612881,rbf,"OrderedDict([('C', 77.47277990395304), ('epsilon', 0.9439308452612881), ('kernel', 'rbf')])",-7.0644674096065625,-11.210876877229559,-9.084894697481756,-9.120079661439293,1.6929474011449037,177
115,4.437854687372844,0.06894132106583166,2.4825100104014077,0.026217964501004255,78.44135391291806,0.9086090435536366,rbf,"OrderedDict([('C', 78.44135391291806), ('epsilon', 0.9086090435536366), ('kernel', 'rbf')])",-6.326985591300053,-5.167069135603491,-6.220565500102207,-5.904873409001918,0.5235122846927753,98
116,4.661197026570638,0.03236825171439276,2.5262558460235596,0.015461777976620737,32.48549885185078,0.8903648939935285,rbf,"OrderedDict([('C', 32.48549885185078), ('epsilon', 0.8903648939935285), ('kernel', 'rbf')])",-6.390060287339691,-2.5787377034919476,-7.973826196156372,-5.647541395662671,2.2642505293206074,89
117,4.604293982187907,0.033769235050921734,2.5845015048980713,0.040799571816125334,32.506715529091906,0.8712463104716872,rbf,"OrderedDict([('C', 32.506715529091906), ('epsilon', 0.8712463104716872), ('kernel', 'rbf')])",-3.9763383930815586,-6.987599925779499,-7.190653204943802,-6.051530507934953,1.4697220584648245,104
118,4.4546505610148115,0.033028104313540585,2.700119415918986,0.07512540709014141,33.953806723454505,0.8986112745093975,rbf,"OrderedDict([('C', 33.953806723454505), ('epsilon', 0.8986112745093975), ('kernel', 'rbf')])",-2.682494264844765,-2.5758627572070947,-5.858956935819715,-3.7057713192905246,1.523154357252609,48
119,4.5645081996917725,0.10029690374250108,2.708251396814982,0.13688365128263033,33.73517673411992,0.9030128207690653,rbf,"OrderedDict([('C', 33.73517673411992), ('epsilon', 0.9030128207690653), ('kernel', 'rbf')])",-9.084467122346844,-4.359961158464445,-8.744799872753697,-7.396409384521662,2.1515663801451037,147
120,4.540896813074748,0.09462618017230967,2.6437798341115317,0.045011258542944375,34.09336112099032,0.895677320627199,rbf,"OrderedDict([('C', 34.09336112099032), ('epsilon', 0.895677320627199), ('kernel', 'rbf')])",-8.990411043161556,-6.562484380550336,-8.524831152820049,-8.02590885884398,1.0521088541034689,162
121,4.5626944700876875,0.039469127173631914,2.6884626547495523,0.011471192103423776,15.0,1.0,rbf,"OrderedDict([('C', 15.0), ('epsilon', 1.0), ('kernel', 'rbf')])",-2.7760113104445816,-2.5901614252657135,-4.242618928364152,-3.2029305546914824,0.7390755399902593,1
122,4.6890162626902265,0.04921240706607882,2.573663075764974,0.055930623492067955,15.0,1.0,rbf,"OrderedDict([('C', 15.0), ('epsilon', 1.0), ('kernel', 'rbf')])",-2.7760113104445816,-2.5901614252657135,-4.242618928364152,-3.2029305546914824,0.7390755399902593,1
123,4.553727388381958,0.054616441828110714,2.6837844848632812,0.04234911667615194,15.0,1.0,rbf,"OrderedDict([('C', 15.0), ('epsilon', 1.0), ('kernel', 'rbf')])",-2.7760113104445816,-2.5901614252657135,-4.242618928364152,-3.2029305546914824,0.7390755399902593,1
124,4.511334339777629,0.012341918656329583,2.4897447427113852,0.059163631025122676,66.23715361124889,1.0,rbf,"OrderedDict([('C', 66.23715361124889), ('epsilon', 1.0), ('kernel', 'rbf')])",-4.461590724084491,-3.0981929989386554,-7.776664047569692,-5.11214925686428,1.9645937055193103,74
125,4.634782552719116,0.06946851425345407,2.632175842920939,0.07999999107059468,15.0,1.0,rbf,"OrderedDict([('C', 15.0), ('epsilon', 1.0), ('kernel', 'rbf')])",-2.7760113104445816,-2.5901614252657135,-4.242618928364152,-3.2029305546914824,0.7390755399902593,1
126,4.568116029103597,0.09427401126206467,2.653141180674235,0.08086975911565278,15.0,1.0,rbf,"OrderedDict([('C', 15.0), ('epsilon', 1.0), ('kernel', 'rbf')])",-2.7760113104445816,-2.5901614252657135,-4.242618928364152,-3.2029305546914824,0.7390755399902593,1
127,4.60507067044576,0.08227417931830598,2.792107899983724,0.2751410705555487,15.0,1.0,rbf,"OrderedDict([('C', 15.0), ('epsilon', 1.0), ('kernel', 'rbf')])",-2.7760113104445816,-2.5901614252657135,-4.242618928364152,-3.2029305546914824,0.7390755399902593,1
128,4.649712165196736,0.12321172536763834,2.611537456512451,0.039606325064435066,15.0,1.0,rbf,"OrderedDict([('C', 15.0), ('epsilon', 1.0), ('kernel', 'rbf')])",-2.7760113104445816,-2.5901614252657135,-4.242618928364152,-3.2029305546914824,0.7390755399902593,1
129,4.625592072804769,0.052803448950876915,2.600360870361328,0.05239232322790098,15.0,1.0,rbf,"OrderedDict([('C', 15.0), ('epsilon', 1.0), ('kernel', 'rbf')])",-2.7760113104445816,-2.5901614252657135,-4.242618928364152,-3.2029305546914824,0.7390755399902593,1
130,4.550810813903809,0.11193789564540522,2.6277429262797036,0.05128083179190799,15.0,1.0,rbf,"OrderedDict([('C', 15.0), ('epsilon', 1.0), ('kernel', 'rbf')])",-2.7760113104445816,-2.5901614252657135,-4.242618928364152,-3.2029305546914824,0.7390755399902593,1
131,4.578914165496826,0.07408180012127692,2.4816948572794595,0.042205323863638504,67.49154155476108,0.9999416321763609,rbf,"OrderedDict([('C', 67.49154155476108), ('epsilon', 0.9999416321763609), ('kernel', 'rbf')])",-5.015093391539675,-9.827538096154091,-6.830869042766599,-7.224500176820122,1.9842908239494585,140
132,4.4227375984191895,0.05258351940028651,2.614134152730306,0.016692940424420537,37.93717511797759,1.0,rbf,"OrderedDict([('C', 37.93717511797759), ('epsilon', 1.0), ('kernel', 'rbf')])",-4.524724491843066,-5.666757931703259,-3.8481851850811704,-4.679889202875832,0.7504926268132434,62
133,4.590160687764485,0.048641457669775415,2.518080711364746,0.05219002245985047,38.85591825638777,0.9967109891442159,rbf,"OrderedDict([('C', 38.85591825638777), ('epsilon', 0.9967109891442159), ('kernel', 'rbf')])",-7.00933248479869,-3.85695865172317,-4.910539617002724,-5.258943584508194,1.3103190932733335,78
134,4.605939547220866,0.0718498799985809,2.6137962341308594,0.056712597085437855,15.0,1.0,rbf,"OrderedDict([('C', 15.0), ('epsilon', 1.0), ('kernel', 'rbf')])",-2.7760113104445816,-2.5901614252657135,-4.242618928364152,-3.2029305546914824,0.7390755399902593,1
135,4.417685826619466,0.011696867951979904,2.602419376373291,0.03683520823304927,37.60602659021247,0.989302744979808,rbf,"OrderedDict([('C', 37.60602659021247), ('epsilon', 0.989302744979808), ('kernel', 'rbf')])",-7.037209870756341,-3.5898721839627554,-6.273651845286284,-5.633577966668461,1.4783561161559338,88
136,4.477944453557332,0.06610302954309168,2.490288337071737,0.017998325802134486,65.13799369239362,1.0,rbf,"OrderedDict([('C', 65.13799369239362), ('epsilon', 1.0), ('kernel', 'rbf')])",-10.163207672961137,-5.831160547175842,-14.505937818388146,-10.166768679508374,3.5414638862915733,190
137,4.595747709274292,0.017086386548223115,2.508701721827189,0.03511699739338085,36.80586055007834,1.0,rbf,"OrderedDict([('C', 36.80586055007834), ('epsilon', 1.0), ('kernel', 'rbf')])",-6.50030601508615,-4.021529733683894,-8.202459095752369,-6.2414316148408036,1.7166448961037082,109
138,4.579489707946777,0.07059776469632925,2.5458601315816245,0.03301412503658573,30.88345954526743,0.8865461900761693,rbf,"OrderedDict([('C', 30.88345954526743), ('epsilon', 0.8865461900761693), ('kernel', 'rbf')])",-8.031228315637723,-3.2548543239576477,-6.104826216817701,-5.796969618804357,1.9620599533491538,93
139,4.46886960665385,0.09563811219590483,2.6103928883870444,0.04103188755864907,39.39261733126994,0.9765421951862744,rbf,"OrderedDict([('C', 39.39261733126994), ('epsilon', 0.9765421951862744), ('kernel', 'rbf')])",-8.104335363101521,-7.614966300874422,-5.988302753150658,-7.235868139042201,0.9045017279593932,141
140,4.38646658261617,0.02856045076465847,2.5437277952829995,0.11015648288030976,89.63807377541168,1.0,rbf,"OrderedDict([('C', 89.63807377541168), ('epsilon', 1.0), ('kernel', 'rbf')])",-7.179899746419077,-2.6857450392859765,-8.776756912496552,-6.214133899400534,2.5787121027557705,106
141,4.525605201721191,0.05199223552311209,2.6580865383148193,0.054837718826740475,28.700969915649466,1.0,rbf,"OrderedDict([('C', 28.700969915649466), ('epsilon', 1.0), ('kernel', 'rbf')])",-7.019137157007896,-9.507807925967953,-6.68864152110343,-7.738528868026427,1.2583237871578246,154
142,4.464588801066081,0.08915114151401406,2.599461237589518,0.015172151124002027,51.22566243164752,1.0,rbf,"OrderedDict([('C', 51.22566243164752), ('epsilon', 1.0), ('kernel', 'rbf')])",-12.094555235578028,-2.661314129521016,-6.78714375222248,-7.181004372440508,3.8611616630551167,137
143,4.648475646972656,0.044685801252710655,2.6466294129689536,0.13109104646059405,15.0,1.0,rbf,"OrderedDict([('C', 15.0), ('epsilon', 1.0), ('kernel', 'rbf')])",-2.7760113104445816,-2.5901614252657135,-4.242618928364152,-3.2029305546914824,0.7390755399902593,1
144,4.5337943236033125,0.08955262759679593,2.638240655263265,0.03700119405618601,46.84430738105616,0.5911409991435725,rbf,"OrderedDict([('C', 46.84430738105616), ('epsilon', 0.5911409991435725), ('kernel', 'rbf')])",-7.328276042872139,-10.193245009694639,-5.6658699002606285,-7.729130317609136,1.8699009702052578,153
145,4.678085645039876,0.02406786336700469,2.6125453313191733,0.07875925355847575,15.0,1.0,rbf,"OrderedDict([('C', 15.0), ('epsilon', 1.0), ('kernel', 'rbf')])",-2.7760113104445816,-2.5901614252657135,-4.242618928364152,-3.2029305546914824,0.7390755399902593,1
146,4.614741166432698,0.07571207195080526,2.6517769495646157,0.08999852288315008,17.813165984918186,1.0,rbf,"OrderedDict([('C', 17.813165984918186), ('epsilon', 1.0), ('kernel', 'rbf')])",-5.497872495905282,-2.7579984079500997,-4.420337500578297,-4.225402801477893,1.1270099547466546,54
147,4.575504144032796,0.04330349662706813,2.6390738487243652,0.09716381274489211,15.0,1.0,rbf,"OrderedDict([('C', 15.0), ('epsilon', 1.0), ('kernel', 'rbf')])",-2.7760113104445816,-2.5901614252657135,-4.242618928364152,-3.2029305546914824,0.7390755399902593,1
148,4.612038691838582,0.0976090286265079,2.5615292390187583,0.03809816819814229,28.063463659200465,0.8809900145977876,rbf,"OrderedDict([('C', 28.063463659200465), ('epsilon', 0.8809900145977876), ('kernel', 'rbf')])",-7.785726519980691,-3.6421357374740495,-8.968799535920365,-6.798887264458369,2.283816337128057,130
149,4.631035884221395,0.09999701012791314,2.863678216934204,0.27497245333096854,99.94292734141582,0.17111210697954338,rbf,"OrderedDict([('C', 99.94292734141582), ('epsilon', 0.17111210697954338), ('kernel', 'rbf')])",-12.20491338123641,-2.685864627701064,-18.33035280990511,-11.073710272947528,6.4367288780835645,192
150,4.641514778137207,0.07709078915772936,2.5989085833231607,0.02411318661655841,15.0,1.0,rbf,"OrderedDict([('C', 15.0), ('epsilon', 1.0), ('kernel', 'rbf')])",-2.7760113104445816,-2.5901614252657135,-4.242618928364152,-3.2029305546914824,0.7390755399902593,1
151,4.611501773198445,0.04548688499802642,2.872351328531901,0.08976285813597253,77.30017107611226,0.004248795010753759,rbf,"OrderedDict([('C', 77.30017107611226), ('epsilon', 0.004248795010753759), ('kernel', 'rbf')])",-13.113997292064932,-4.357833667629446,-17.639400789127233,-11.70374391627387,5.513112686354253,195
152,4.703078746795654,0.004527291833822898,2.616391976674398,0.10961400732897625,15.0,1.0,rbf,"OrderedDict([('C', 15.0), ('epsilon', 1.0), ('kernel', 'rbf')])",-2.7760113104445816,-2.5901614252657135,-4.242618928364152,-3.2029305546914824,0.7390755399902593,1
153,4.616517702738444,0.07638204093107931,2.6883633931477866,0.07863447690455068,29.03425404837738,0.4052510999073786,rbf,"OrderedDict([('C', 29.03425404837738), ('epsilon', 0.4052510999073786), ('kernel', 'rbf')])",-7.2694407249272155,-7.416859124544551,-13.069640663481056,-9.251980170984273,2.700164411428128,179
154,4.618315776189168,0.10937189468363336,2.5850086212158203,0.04222790232656259,15.0,1.0,rbf,"OrderedDict([('C', 15.0), ('epsilon', 1.0), ('kernel', 'rbf')])",-2.7760113104445816,-2.5901614252657135,-4.242618928364152,-3.2029305546914824,0.7390755399902593,1
155,4.605497757593791,0.08898647094390388,2.6468830903371177,0.026369736608836045,27.781271311243657,0.6976228102222543,rbf,"OrderedDict([('C', 27.781271311243657), ('epsilon', 0.6976228102222543), ('kernel', 'rbf')])",-8.090835346611406,-4.47454891974019,-3.935270872250749,-5.5002183795341155,1.8450252763774564,86
156,4.581769784291585,0.09224211368409192,2.685062567392985,0.12385206279980544,26.870685086412156,0.6818095555547465,rbf,"OrderedDict([('C', 26.870685086412156), ('epsilon', 0.6818095555547465), ('kernel', 'rbf')])",-6.850880672074815,-5.992489582633269,-6.14270997628611,-6.328693410331398,0.37430040868498476,112
157,4.537636995315552,0.05784332935819135,2.7005343437194824,0.10751599686833865,28.659159455041422,0.7128684475202084,rbf,"OrderedDict([('C', 28.659159455041422), ('epsilon', 0.7128684475202084), ('kernel', 'rbf')])",-6.369682780199317,-5.360127120687123,-8.614812013823915,-6.781540638236785,1.3602606637022727,129
158,4.78837251663208,0.08334477898159241,2.661176919937134,0.031690552347859696,15.0,0.001,rbf,"OrderedDict([('C', 15.0), ('epsilon', 0.001), ('kernel', 'rbf')])",-8.77935907589084,-5.465982968116649,-7.738381912546085,-7.327907985517858,1.383469537423862,142
159,4.627534548441569,0.06373280943050141,2.569750944773356,0.04209584152249121,15.0,1.0,rbf,"OrderedDict([('C', 15.0), ('epsilon', 1.0), ('kernel', 'rbf')])",-2.7760113104445816,-2.5901614252657135,-4.242618928364152,-3.2029305546914824,0.7390755399902593,1
160,4.592217445373535,0.08753571696816456,2.7190635204315186,0.0396044943808245,29.19109268766009,0.683540624403445,rbf,"OrderedDict([('C', 29.19109268766009), ('epsilon', 0.683540624403445), ('kernel', 'rbf')])",-10.541635626191262,-5.241075389950616,-6.302574584830447,-7.361761866990776,2.2898898049937553,145
161,4.6201261679331465,0.08796734054535303,2.641373634338379,0.065962832810293,26.3545246157514,0.7063077373156162,rbf,"OrderedDict([('C', 26.3545246157514), ('epsilon', 0.7063077373156162), ('kernel', 'rbf')])",-4.290614980911852,-4.421611073082044,-10.377762105805775,-6.36332938659989,2.839136316653832,114
162,4.522445599238078,0.04823430277318978,2.687669515609741,0.03984169448640371,15.0,1.0,rbf,"OrderedDict([('C', 15.0), ('epsilon', 1.0), ('kernel', 'rbf')])",-2.7760113104445816,-2.5901614252657135,-4.242618928364152,-3.2029305546914824,0.7390755399902593,1
163,4.503582398096721,0.07878755634172363,2.707778056462606,0.03299235707294438,92.87041128849368,0.5022742697282492,rbf,"OrderedDict([('C', 92.87041128849368), ('epsilon', 0.5022742697282492), ('kernel', 'rbf')])",-9.812531302253182,-4.342140334995776,-13.358933455198136,-9.171201697482365,3.708918736379357,178
164,4.668535153071086,0.01652916584530251,2.588417132695516,0.03512981658782879,15.0,1.0,rbf,"OrderedDict([('C', 15.0), ('epsilon', 1.0), ('kernel', 'rbf')])",-2.7760113104445816,-2.5901614252657135,-4.242618928364152,-3.2029305546914824,0.7390755399902593,1
165,4.62410553296407,0.05345828780154097,2.785977284113566,0.05293485607467908,26.812341099911837,0.1430567837278601,rbf,"OrderedDict([('C', 26.812341099911837), ('epsilon', 0.1430567837278601), ('kernel', 'rbf')])",-12.836506075556263,-5.605644893631704,-7.83871252959454,-8.760287832927503,3.0230574079730155,172
166,4.743390242258708,0.03165132406597099,2.6659323374430337,0.03066386349545216,37.660600152756814,0.043812103672434086,rbf,"OrderedDict([('C', 37.660600152756814), ('epsilon', 0.043812103672434086), ('kernel', 'rbf')])",-11.801724002226125,-10.148169616832496,-12.013275367621508,-11.321056328893377,0.8338408819220849,193
167,4.6265683968861895,0.07522359138975102,2.646601438522339,0.06322907413689739,15.0,1.0,rbf,"OrderedDict([('C', 15.0), ('epsilon', 1.0), ('kernel', 'rbf')])",-2.7760113104445816,-2.5901614252657135,-4.242618928364152,-3.2029305546914824,0.7390755399902593,1
168,4.567982117335002,0.06249728448763743,2.6860693295796714,0.11545201311413197,59.46610134117689,0.6931654811032951,rbf,"OrderedDict([('C', 59.46610134117689), ('epsilon', 0.6931654811032951), ('kernel', 'rbf')])",-6.692714781833752,-6.71426571056277,-4.474868812977293,-5.960616435124604,1.0506190581968213,102
169,4.55776850382487,0.08631038403417289,2.667915423711141,0.10864339442901855,15.0,1.0,rbf,"OrderedDict([('C', 15.0), ('epsilon', 1.0), ('kernel', 'rbf')])",-2.7760113104445816,-2.5901614252657135,-4.242618928364152,-3.2029305546914824,0.7390755399902593,1
170,4.686119159062703,0.05444787841713393,2.687164306640625,0.08288796581787915,61.925734551319294,0.0031645609285176988,rbf,"OrderedDict([('C', 61.925734551319294), ('epsilon', 0.0031645609285176988), ('kernel', 'rbf')])",-2.7082517840793607,-10.171430848730186,-16.118687446304367,-9.666123359704637,5.486434659322211,185
171,4.599030017852783,0.07170672315851327,2.7876392205556235,0.25673024183466536,56.21622851169416,0.6753433202279,rbf,"OrderedDict([('C', 56.21622851169416), ('epsilon', 0.6753433202279), ('kernel', 'rbf')])",-9.097031435208825,-6.738365859343517,-6.520014954433241,-7.451804082995195,1.1667616322604744,148
172,4.474884589513143,0.11993493088640644,2.621397018432617,0.08442366695595546,62.414453953586595,0.7069435962937867,rbf,"OrderedDict([('C', 62.414453953586595), ('epsilon', 0.7069435962937867), ('kernel', 'rbf')])",-7.46017104745165,-3.4975267197042035,-4.128562685813921,-5.028753484323258,1.7384658221830553,72
173,4.612986405690511,0.04028662068991575,2.5355408986409507,0.028591074121481104,61.912627232460345,0.7192051330591002,rbf,"OrderedDict([('C', 61.912627232460345), ('epsilon', 0.7192051330591002), ('kernel', 'rbf')])",-7.41845882890731,-5.864556681628577,-9.967175907892583,-7.7500638061428235,1.6912209641997884,156
174,4.5247368812561035,0.11059268219831304,2.647434711456299,0.09226561446421365,62.826821367433,0.6968283461523865,rbf,"OrderedDict([('C', 62.826821367433), ('epsilon', 0.6968283461523865), ('kernel', 'rbf')])",-9.661360043054119,-10.249058237700885,-9.006107620331202,-9.638841967028734,0.5076822215492894,184
175,4.577144066492717,0.08386667847011717,2.680257876714071,0.05944913503877,64.10653194362575,0.2798142216218158,rbf,"OrderedDict([('C', 64.10653194362575), ('epsilon', 0.2798142216218158), ('kernel', 'rbf')])",-8.522367017718754,-11.445430719687371,-7.948402437984426,-9.305400058463517,1.5312646751255545,180
176,4.617429256439209,0.10403493295735398,2.6106622219085693,0.04629562092896236,31.15767837328854,0.8391970639302005,rbf,"OrderedDict([('C', 31.15767837328854), ('epsilon', 0.8391970639302005), ('kernel', 'rbf')])",-6.214448285749078,-2.7058267523228814,-6.543659872492968,-5.1546449701883095,1.7367840136919377,75
177,4.601238648096721,0.09979403457947043,2.634843031565348,0.06864894772043975,31.489829367437693,0.8253184959370737,rbf,"OrderedDict([('C', 31.489829367437693), ('epsilon', 0.8253184959370737), ('kernel', 'rbf')])",-8.0368411867198,-4.741184348748564,-11.91868547349183,-8.23223700298673,2.933458168860737,165
178,4.503402392069499,0.018014794060084324,2.6648992697397866,0.10608906621179318,30.878028218708018,0.8503393731121835,rbf,"OrderedDict([('C', 30.878028218708018), ('epsilon', 0.8503393731121835), ('kernel', 'rbf')])",-7.360633790388079,-6.291950209319765,-6.159250011695762,-6.603944670467868,0.5377955954738316,123
179,4.521738926569621,0.10281102967262097,2.568089008331299,0.14998467523062253,87.43550623557394,0.8308729283712479,rbf,"OrderedDict([('C', 87.43550623557394), ('epsilon', 0.8308729283712479), ('kernel', 'rbf')])",-9.549682793149689,-4.345598157122684,-10.990186373008834,-8.295155774427068,2.85400498366793,166
180,4.639066855112712,0.09313305979224575,2.6360615889231362,0.031971643445828056,88.75962152419707,0.0028458105083333995,rbf,"OrderedDict([('C', 88.75962152419707), ('epsilon', 0.0028458105083333995), ('kernel', 'rbf')])",-12.909677799045278,-15.01999011126431,-18.587922641483928,-15.505863517264507,2.3434548353039157,199
181,4.578841924667358,0.0846342907851832,2.6630255381266275,0.0830096620313205,48.90106580954108,0.4675664010003252,rbf,"OrderedDict([('C', 48.90106580954108), ('epsilon', 0.4675664010003252), ('kernel', 'rbf')])",-11.526729634051312,-7.511408743664274,-3.025969295868496,-7.354702557861361,3.4721894344737954,144
182,4.665841897328694,0.01529176499867482,2.688932418823242,0.09171189577460478,31.555084390788693,0.28115410644066796,rbf,"OrderedDict([('C', 31.555084390788693), ('epsilon', 0.28115410644066796), ('kernel', 'rbf')])",-8.851675276918602,-7.4934403891092485,-8.665297923314629,-8.336804529780826,0.6011829642807792,167
183,4.571085611979167,0.08458067496729585,2.6792606512705484,0.1278520335109569,15.0,1.0,rbf,"OrderedDict([('C', 15.0), ('epsilon', 1.0), ('kernel', 'rbf')])",-2.7760113104445816,-2.5901614252657135,-4.242618928364152,-3.2029305546914824,0.7390755399902593,1
184,4.497525930404663,0.028344923865268233,2.6453405221303306,0.03205737276346103,29.61702003042476,0.8363362184804695,rbf,"OrderedDict([('C', 29.61702003042476), ('epsilon', 0.8363362184804695), ('kernel', 'rbf')])",-7.557306893221123,-2.675898290112473,-7.314590567070723,-5.849265250134773,2.2460960503305683,96
185,4.653473854064941,0.003187746526033307,2.6223653157552085,0.11030169043141763,27.550073251611163,0.8303033232201777,rbf,"OrderedDict([('C', 27.550073251611163), ('epsilon', 0.8303033232201777), ('kernel', 'rbf')])",-5.667215598879717,-7.201905183892025,-5.766034952303964,-6.211718578358568,0.7013289534810314,105
186,4.580963055292766,0.050649187872382054,2.678167740503947,0.03963683079816447,15.0,1.0,rbf,"OrderedDict([('C', 15.0), ('epsilon', 1.0), ('kernel', 'rbf')])",-2.7760113104445816,-2.5901614252657135,-4.242618928364152,-3.2029305546914824,0.7390755399902593,1
187,4.642180999120076,0.05878849923677766,2.660569508870443,0.06516698952824343,83.44414190380607,0.3947043445705823,rbf,"OrderedDict([('C', 83.44414190380607), ('epsilon', 0.3947043445705823), ('kernel', 'rbf')])",-14.0748650135424,-11.114492916773857,-14.503623365199836,-13.23099376517203,1.506793574002235,198
188,4.681511243184407,0.07558277342628703,2.66464893023173,0.09144923625861186,15.04280878709402,0.38522611169109594,rbf,"OrderedDict([('C', 15.04280878709402), ('epsilon', 0.38522611169109594), ('kernel', 'rbf')])",-7.143681795934239,-5.688159723875492,-10.423939405749476,-7.751926975186403,1.9806352427735965,157
189,4.681362231572469,0.028062686189997823,2.7337445418039956,0.0522999693401172,77.00885384161589,0.19356044309093748,rbf,"OrderedDict([('C', 77.00885384161589), ('epsilon', 0.19356044309093748), ('kernel', 'rbf')])",-10.675616942180481,-6.878671450218204,-9.435535974207067,-8.996608122201918,1.5808630578859038,176
190,4.456138451894124,0.09848021642003396,2.536383310953776,0.021235328815599332,62.11061055654353,0.8777774566035612,rbf,"OrderedDict([('C', 62.11061055654353), ('epsilon', 0.8777774566035612), ('kernel', 'rbf')])",-5.921316974903896,-4.04357736730948,-12.063009667547002,-7.342634669920126,3.424707442215359,143
191,4.587194919586182,0.061299789524481625,2.5598154862721763,0.05092653079708275,32.47666527728337,0.8457802698576702,rbf,"OrderedDict([('C', 32.47666527728337), ('epsilon', 0.8457802698576702), ('kernel', 'rbf')])",-4.654742396085485,-2.587521270551592,-5.578651908379727,-4.273638525005602,1.2505054294304605,55
192,4.551549196243286,0.06435467633380763,2.6147537231445312,0.01851808548163376,33.166737422495586,0.8477139735626429,rbf,"OrderedDict([('C', 33.166737422495586), ('epsilon', 0.8477139735626429), ('kernel', 'rbf')])",-7.204285828368927,-5.245085905880277,-5.370639651717396,-5.940003795322201,0.8954506240201099,101
193,4.516323884328206,0.11352028914630069,2.6555070877075195,0.11842954342800019,31.965526234750985,0.8433605045120135,rbf,"OrderedDict([('C', 31.965526234750985), ('epsilon', 0.8433605045120135), ('kernel', 'rbf')])",-5.275719762227175,-7.173086120701853,-6.412424104620535,-6.2870766625165215,0.7796511016685086,110
194,4.647926886876424,0.06486221085568895,2.557697137196859,0.04091619525411803,32.43864114822152,0.8525765629455238,rbf,"OrderedDict([('C', 32.43864114822152), ('epsilon', 0.8525765629455238), ('kernel', 'rbf')])",-6.518291500467943,-8.823621182269658,-4.447293903253119,-6.596402195330239,1.7874816686715012,122
195,4.572204192479451,0.12565633939003534,2.6277453899383545,0.07431211308127174,32.74978958622272,0.8406154819581252,rbf,"OrderedDict([('C', 32.74978958622272), ('epsilon', 0.8406154819581252), ('kernel', 'rbf')])",-4.599432509062077,-2.6441104885426014,-6.390976573101097,-4.544839856901925,1.5301386935299006,61
196,4.542183796564738,0.08056093773908135,2.678810993830363,0.13141188588089842,86.96282913370598,0.6040049792745398,rbf,"OrderedDict([('C', 86.96282913370598), ('epsilon', 0.6040049792745398), ('kernel', 'rbf')])",-12.3895317400502,-2.6081148624164845,-10.067968585566794,-8.355205062677825,4.1728645794401,168
197,4.57429575920105,0.10435846418855292,2.580186049143473,0.04036648434075969,58.049977566203694,0.713886634084654,rbf,"OrderedDict([('C', 58.049977566203694), ('epsilon', 0.713886634084654), ('kernel', 'rbf')])",-5.721115614507375,-5.532573805783632,-7.968963652935344,-6.407551024408783,1.1067652719527212,115
198,4.681924343109131,0.12231244985465012,2.6641220251719155,0.028621426265832067,15.0,0.5711909880580339,rbf,"OrderedDict([('C', 15.0), ('epsilon', 0.5711909880580339), ('kernel', 'rbf')])",-7.456277571220755,-3.7450469709843386,-10.34508201691825,-7.1821355197077805,2.701417041751084,138
199,4.564137061436971,0.0556751493964708,2.6185335318247476,0.029597612873395365,15.0,1.0,rbf,"OrderedDict([('C', 15.0), ('epsilon', 1.0), ('kernel', 'rbf')])",-2.7760113104445816,-2.5901614252657135,-4.242618928364152,-3.2029305546914824,0.7390755399902593,1
