,mean_fit_time,std_fit_time,mean_score_time,std_score_time,param_activation,param_alpha,param_hidden_layer_sizes,param_learning_rate,param_learning_rate_init,param_solver,params,split0_test_score,split1_test_score,split2_test_score,mean_test_score,std_test_score,rank_test_score
0,152.89512983957925,27.174088065232326,0.08130153020222981,0.014719312180394628,tanh,0.0001,"(1176, 588)",constant,0.0001,adam,"{'activation': 'tanh', 'alpha': 0.0001, 'hidden_layer_sizes': (1176, 588), 'learning_rate': 'constant', 'learning_rate_init': 0.0001, 'solver': 'adam'}",-2.031347071923583,-1.9408652617891082,-2.1977541339254514,-2.056655489212714,0.1063903508974732,28
1,54.43515690167745,12.006497669132933,0.07098253568013509,0.021109216138206002,tanh,0.0001,"(1176, 588)",constant,0.1,adam,"{'activation': 'tanh', 'alpha': 0.0001, 'hidden_layer_sizes': (1176, 588), 'learning_rate': 'constant', 'learning_rate_init': 0.1, 'solver': 'adam'}",-2.822545708017379,-2.7853169624709397,-2.8110957348379526,-2.8063194684420902,0.015569294872784247,42
2,159.02972555160522,38.82383499063035,0.09993521372477214,0.0325685275213971,tanh,0.0001,"(1176, 588)",adaptive,0.0001,adam,"{'activation': 'tanh', 'alpha': 0.0001, 'hidden_layer_sizes': (1176, 588), 'learning_rate': 'adaptive', 'learning_rate_init': 0.0001, 'solver': 'adam'}",-2.1838895139501537,-2.0790332598761356,-2.2285834300555383,-2.1638354012939427,0.06267875198711326,40
3,46.278693755467735,9.138330362121817,0.06659706433614095,0.01900190042904689,tanh,0.0001,"(1176, 588)",adaptive,0.1,adam,"{'activation': 'tanh', 'alpha': 0.0001, 'hidden_layer_sizes': (1176, 588), 'learning_rate': 'adaptive', 'learning_rate_init': 0.1, 'solver': 'adam'}",-2.8329153221171457,-2.757806652893507,-2.9040875999027493,-2.8316031916378,0.059726153563724085,48
4,245.03492617607117,70.70213636388789,0.11609705289204915,0.04750406867458191,tanh,0.0001,"(1176, 588, 294)",constant,0.0001,adam,"{'activation': 'tanh', 'alpha': 0.0001, 'hidden_layer_sizes': (1176, 588, 294), 'learning_rate': 'constant', 'learning_rate_init': 0.0001, 'solver': 'adam'}",-1.9646288528774662,-1.7876454186735562,-2.1481340535463582,-1.9668027750324601,0.14717689678584311,7
5,40.856083393096924,11.643380346619187,0.10112682978312175,0.031825959718328654,tanh,0.0001,"(1176, 588, 294)",constant,0.1,adam,"{'activation': 'tanh', 'alpha': 0.0001, 'hidden_layer_sizes': (1176, 588, 294), 'learning_rate': 'constant', 'learning_rate_init': 0.1, 'solver': 'adam'}",-2.834093230789512,-2.7162218108273954,-2.9868443228717725,-2.8457197881628935,0.11078663768273873,49
6,179.39856068293253,54.324931171340566,0.09981322288513184,0.021236232879289475,tanh,0.0001,"(1176, 588, 294)",adaptive,0.0001,adam,"{'activation': 'tanh', 'alpha': 0.0001, 'hidden_layer_sizes': (1176, 588, 294), 'learning_rate': 'adaptive', 'learning_rate_init': 0.0001, 'solver': 'adam'}",-2.0661774261568677,-1.819019284248751,-2.1231903145268762,-2.002795674977498,0.1320175208120414,18
7,50.22460412979126,2.7003054844968144,0.0802747408548991,0.01803442559389018,tanh,0.0001,"(1176, 588, 294)",adaptive,0.1,adam,"{'activation': 'tanh', 'alpha': 0.0001, 'hidden_layer_sizes': (1176, 588, 294), 'learning_rate': 'adaptive', 'learning_rate_init': 0.1, 'solver': 'adam'}",-2.79926932253818,-2.9167894799497787,-2.9811016950763296,-2.899053499188096,0.07528468939475538,54
8,241.0731918811798,33.01653942878949,0.09369595845540364,0.030473319095462723,tanh,0.0001,"(1176, 294, 147)",constant,0.0001,adam,"{'activation': 'tanh', 'alpha': 0.0001, 'hidden_layer_sizes': (1176, 294, 147), 'learning_rate': 'constant', 'learning_rate_init': 0.0001, 'solver': 'adam'}",-1.9899497646770938,-2.082947294146146,-2.1225340221252162,-2.0651436936494854,0.05557201018349089,31
9,37.26166558265686,6.132177277129588,0.06208721796671549,0.007439359027673853,tanh,0.0001,"(1176, 294, 147)",constant,0.1,adam,"{'activation': 'tanh', 'alpha': 0.0001, 'hidden_layer_sizes': (1176, 294, 147), 'learning_rate': 'constant', 'learning_rate_init': 0.1, 'solver': 'adam'}",-2.8737809170064046,-2.9284675338688757,-2.8143958412789485,-2.8722147640514097,0.04658273921308581,51
10,251.38208611806235,68.45117046560313,0.062361558278401695,0.007340507429111154,tanh,0.0001,"(1176, 294, 147)",adaptive,0.0001,adam,"{'activation': 'tanh', 'alpha': 0.0001, 'hidden_layer_sizes': (1176, 294, 147), 'learning_rate': 'adaptive', 'learning_rate_init': 0.0001, 'solver': 'adam'}",-2.0071616299897452,-1.790058664877234,-2.009412696515696,-1.9355443304608917,0.10287800540078516,1
11,29.36879364649455,2.403480130701155,0.06910403569539388,0.020045559044746215,tanh,0.0001,"(1176, 294, 147)",adaptive,0.1,adam,"{'activation': 'tanh', 'alpha': 0.0001, 'hidden_layer_sizes': (1176, 294, 147), 'learning_rate': 'adaptive', 'learning_rate_init': 0.1, 'solver': 'adam'}",-2.888886037125197,-2.7837936601868765,-2.805026837668057,-2.8259021783267104,0.04537206782700582,47
12,193.100261926651,27.18822376297238,0.10637211799621582,0.046205569076725926,tanh,0.0001,"(1176, 588, 294, 147)",constant,0.0001,adam,"{'activation': 'tanh', 'alpha': 0.0001, 'hidden_layer_sizes': (1176, 588, 294, 147), 'learning_rate': 'constant', 'learning_rate_init': 0.0001, 'solver': 'adam'}",-1.9656175894125756,-2.0651754856095557,-2.177479183024524,-2.0694240860155517,0.08654429180485547,32
13,43.040259997049965,10.738196483662065,0.06936311721801758,0.012043989077166051,tanh,0.0001,"(1176, 588, 294, 147)",constant,0.1,adam,"{'activation': 'tanh', 'alpha': 0.0001, 'hidden_layer_sizes': (1176, 588, 294, 147), 'learning_rate': 'constant', 'learning_rate_init': 0.1, 'solver': 'adam'}",-2.9019645177265248,-2.8997752949399205,-2.9233534006550634,-2.908364404440503,0.010636436738633534,56
14,219.6895649433136,66.9130970541164,0.12358252207438152,0.042035587241181525,tanh,0.0001,"(1176, 588, 294, 147)",adaptive,0.0001,adam,"{'activation': 'tanh', 'alpha': 0.0001, 'hidden_layer_sizes': (1176, 588, 294, 147), 'learning_rate': 'adaptive', 'learning_rate_init': 0.0001, 'solver': 'adam'}",-2.004506846567232,-1.9816239257558452,-2.0927762386373123,-2.0263023369867965,0.04792349261546564,26
15,37.979711612065636,5.149892154527522,0.14138380686442056,0.05899880441452124,tanh,0.0001,"(1176, 588, 294, 147)",adaptive,0.1,adam,"{'activation': 'tanh', 'alpha': 0.0001, 'hidden_layer_sizes': (1176, 588, 294, 147), 'learning_rate': 'adaptive', 'learning_rate_init': 0.1, 'solver': 'adam'}",-2.966483424507451,-2.8114463857781438,-2.987916456069821,-2.921948755451805,0.07862537329263496,58
16,286.92041571935016,56.33807589327217,0.10244663556416829,0.0370010242976364,tanh,0.0001,"(1176, 294, 147, 73)",constant,0.0001,adam,"{'activation': 'tanh', 'alpha': 0.0001, 'hidden_layer_sizes': (1176, 294, 147, 73), 'learning_rate': 'constant', 'learning_rate_init': 0.0001, 'solver': 'adam'}",-2.012552034902783,-2.2684166664520307,-2.041124138937675,-2.1073642800974963,0.11447705634787803,35
17,22.11035180091858,3.5998233946300795,0.07390983899434407,0.04275937681079801,tanh,0.0001,"(1176, 294, 147, 73)",constant,0.1,adam,"{'activation': 'tanh', 'alpha': 0.0001, 'hidden_layer_sizes': (1176, 294, 147, 73), 'learning_rate': 'constant', 'learning_rate_init': 0.1, 'solver': 'adam'}",-2.804762192517423,-2.7544143663723104,-2.8065965313838355,-2.78859103009119,0.024178150701052743,41
18,312.4934314092,82.42558788345802,0.06264424324035645,0.022064791351716826,tanh,0.0001,"(1176, 294, 147, 73)",adaptive,0.0001,adam,"{'activation': 'tanh', 'alpha': 0.0001, 'hidden_layer_sizes': (1176, 294, 147, 73), 'learning_rate': 'adaptive', 'learning_rate_init': 0.0001, 'solver': 'adam'}",-2.023004210834729,-1.780010102282633,-2.091834608004534,-1.9649496403739652,0.13375694488066725,5
19,32.237947940826416,15.239959032881089,0.1176587740580241,0.05754950374180112,tanh,0.0001,"(1176, 294, 147, 73)",adaptive,0.1,adam,"{'activation': 'tanh', 'alpha': 0.0001, 'hidden_layer_sizes': (1176, 294, 147, 73), 'learning_rate': 'adaptive', 'learning_rate_init': 0.1, 'solver': 'adam'}",-2.8474690638314004,-2.7369885471827624,-2.8689975552418345,-2.817818388751999,0.057827135796747496,44
20,175.40200209617615,44.00137042264887,0.05934818585713705,0.007738712830968181,tanh,0.05,"(1176, 588)",constant,0.0001,adam,"{'activation': 'tanh', 'alpha': 0.05, 'hidden_layer_sizes': (1176, 588), 'learning_rate': 'constant', 'learning_rate_init': 0.0001, 'solver': 'adam'}",-2.050081403840609,-2.1435698091222677,-2.2239802119638385,-2.1392104749755716,0.07106078014545888,39
21,103.81834308306377,41.32947285620938,0.06885751088460286,0.008618723793316558,tanh,0.05,"(1176, 588)",constant,0.1,adam,"{'activation': 'tanh', 'alpha': 0.05, 'hidden_layer_sizes': (1176, 588), 'learning_rate': 'constant', 'learning_rate_init': 0.1, 'solver': 'adam'}",-3.2550778798154143,-2.7563546973997806,-3.4158731125224873,-3.142435229912561,0.2807815401153767,63
22,155.2776013215383,5.109345963837704,0.08866397539774577,0.03773961802697067,tanh,0.05,"(1176, 588)",adaptive,0.0001,adam,"{'activation': 'tanh', 'alpha': 0.05, 'hidden_layer_sizes': (1176, 588), 'learning_rate': 'adaptive', 'learning_rate_init': 0.0001, 'solver': 'adam'}",-1.9979437923065764,-2.1611888654696823,-2.2451994625160356,-2.1347773734307647,0.10265481575478594,36
23,83.66484387715657,6.427103935637304,0.08466728528340657,0.0221641711888779,tanh,0.05,"(1176, 588)",adaptive,0.1,adam,"{'activation': 'tanh', 'alpha': 0.05, 'hidden_layer_sizes': (1176, 588), 'learning_rate': 'adaptive', 'learning_rate_init': 0.1, 'solver': 'adam'}",-2.988560903337155,-2.7986472763969172,-2.8020020203300633,-2.8630700666880453,0.08874599010240562,50
24,162.43727246920267,26.33303808309837,0.06860582033793132,0.009864996498092958,tanh,0.05,"(1176, 588, 294)",constant,0.0001,adam,"{'activation': 'tanh', 'alpha': 0.05, 'hidden_layer_sizes': (1176, 588, 294), 'learning_rate': 'constant', 'learning_rate_init': 0.0001, 'solver': 'adam'}",-1.9612039217202335,-1.9461056375802201,-2.093462206611901,-2.0002572553041182,0.06619346270444826,15
25,47.070690075556435,41.54934066068372,0.06960407892862956,0.00977710408462456,tanh,0.05,"(1176, 588, 294)",constant,0.1,adam,"{'activation': 'tanh', 'alpha': 0.05, 'hidden_layer_sizes': (1176, 588, 294), 'learning_rate': 'constant', 'learning_rate_init': 0.1, 'solver': 'adam'}",-3.307896654522633,-3.1689092352380945,-2.8051675887266434,-3.0939911594957903,0.2119648822387399,62
26,258.5910999774933,87.44761972850894,0.06511084238688152,0.00203699188145749,tanh,0.05,"(1176, 588, 294)",adaptive,0.0001,adam,"{'activation': 'tanh', 'alpha': 0.05, 'hidden_layer_sizes': (1176, 588, 294), 'learning_rate': 'adaptive', 'learning_rate_init': 0.0001, 'solver': 'adam'}",-1.9583917443317764,-1.952556983458968,-2.15336374905917,-2.021437492283305,0.09331635808288327,24
27,16.51970887184143,0.8065672346668529,0.11884752909342448,0.05802572211191279,tanh,0.05,"(1176, 588, 294)",adaptive,0.1,adam,"{'activation': 'tanh', 'alpha': 0.05, 'hidden_layer_sizes': (1176, 588, 294), 'learning_rate': 'adaptive', 'learning_rate_init': 0.1, 'solver': 'adam'}",-2.809453051400153,-3.035143384303394,-3.1393596521141216,-2.9946520292725562,0.13769350910103811,60
28,235.28774984677634,7.2704696324677585,0.07280246416727702,0.017058439641188878,tanh,0.05,"(1176, 294, 147)",constant,0.0001,adam,"{'activation': 'tanh', 'alpha': 0.05, 'hidden_layer_sizes': (1176, 294, 147), 'learning_rate': 'constant', 'learning_rate_init': 0.0001, 'solver': 'adam'}",-2.022534508752807,-1.8426972373530213,-2.0797497874493716,-1.9816605111850667,0.10099996909132002,9
29,39.170534213383995,39.2046565655038,0.0767820676167806,0.00758644664935787,tanh,0.05,"(1176, 294, 147)",constant,0.1,adam,"{'activation': 'tanh', 'alpha': 0.05, 'hidden_layer_sizes': (1176, 294, 147), 'learning_rate': 'constant', 'learning_rate_init': 0.1, 'solver': 'adam'}",-2.9783372502870025,-3.048211212059809,-2.955303589175058,-2.993950683840623,0.03950351105090771,59
30,202.98946253458658,80.03987887112214,0.07448625564575195,0.018796996518365843,tanh,0.05,"(1176, 294, 147)",adaptive,0.0001,adam,"{'activation': 'tanh', 'alpha': 0.05, 'hidden_layer_sizes': (1176, 294, 147), 'learning_rate': 'adaptive', 'learning_rate_init': 0.0001, 'solver': 'adam'}",-2.04153692364909,-1.9846217596608342,-1.9957966012028001,-2.0073184281709078,0.024622460552170305,21
31,12.017017046610514,1.02489724729767,0.07004110018412273,0.025504438363448005,tanh,0.05,"(1176, 294, 147)",adaptive,0.1,adam,"{'activation': 'tanh', 'alpha': 0.05, 'hidden_layer_sizes': (1176, 294, 147), 'learning_rate': 'adaptive', 'learning_rate_init': 0.1, 'solver': 'adam'}",-2.9939661052721287,-2.85544668922324,-2.8199403495307376,-2.8897843813420354,0.07508017377166212,53
32,190.5592987537384,54.31056083768391,0.08171796798706055,0.03862366328584482,tanh,0.05,"(1176, 588, 294, 147)",constant,0.0001,adam,"{'activation': 'tanh', 'alpha': 0.05, 'hidden_layer_sizes': (1176, 588, 294, 147), 'learning_rate': 'constant', 'learning_rate_init': 0.0001, 'solver': 'adam'}",-2.168267319004889,-1.9633201516691574,-2.045147124652175,-2.058911531775407,0.08423352273026713,29
33,16.5854119459788,3.4554979372329613,0.1574097474416097,0.10317936882025083,tanh,0.05,"(1176, 588, 294, 147)",constant,0.1,adam,"{'activation': 'tanh', 'alpha': 0.05, 'hidden_layer_sizes': (1176, 588, 294, 147), 'learning_rate': 'constant', 'learning_rate_init': 0.1, 'solver': 'adam'}",-2.875534577367742,-2.9803215180846845,-2.851895480671238,-2.9025838587078883,0.055809554063760806,55
34,184.74449968338013,69.43387293005485,0.07289846738179524,0.01333483987946894,tanh,0.05,"(1176, 588, 294, 147)",adaptive,0.0001,adam,"{'activation': 'tanh', 'alpha': 0.05, 'hidden_layer_sizes': (1176, 588, 294, 147), 'learning_rate': 'adaptive', 'learning_rate_init': 0.0001, 'solver': 'adam'}",-1.977813419688952,-1.9387375746168003,-2.0299015235362554,-1.9821508392806695,0.03734368578651742,10
35,14.77568236986796,2.4371176076782772,0.07556684811909993,0.004578923540134964,tanh,0.05,"(1176, 588, 294, 147)",adaptive,0.1,adam,"{'activation': 'tanh', 'alpha': 0.05, 'hidden_layer_sizes': (1176, 588, 294, 147), 'learning_rate': 'adaptive', 'learning_rate_init': 0.1, 'solver': 'adam'}",-2.9465981566274606,-2.86908926248319,-2.8083313902740463,-2.874672936461566,0.05658508478848471,52
36,292.3027499516805,80.59902800125678,0.0709841251373291,0.033847824621283766,tanh,0.05,"(1176, 294, 147, 73)",constant,0.0001,adam,"{'activation': 'tanh', 'alpha': 0.05, 'hidden_layer_sizes': (1176, 294, 147, 73), 'learning_rate': 'constant', 'learning_rate_init': 0.0001, 'solver': 'adam'}",-2.0245487361581693,-1.9004918379525038,-2.0751149703252865,-2.0000518481453198,0.0733638545500265,14
37,12.089097817738852,1.2563250010013287,0.10394859313964844,0.03604062062663222,tanh,0.05,"(1176, 294, 147, 73)",constant,0.1,adam,"{'activation': 'tanh', 'alpha': 0.05, 'hidden_layer_sizes': (1176, 294, 147, 73), 'learning_rate': 'constant', 'learning_rate_init': 0.1, 'solver': 'adam'}",-2.863289229761569,-2.7173588184754207,-2.8891465320621936,-2.823264860099728,0.07562723169142872,45
38,276.2024366060893,35.42708451012892,0.05980324745178223,0.015164364758187509,tanh,0.05,"(1176, 294, 147, 73)",adaptive,0.0001,adam,"{'activation': 'tanh', 'alpha': 0.05, 'hidden_layer_sizes': (1176, 294, 147, 73), 'learning_rate': 'adaptive', 'learning_rate_init': 0.0001, 'solver': 'adam'}",-2.027972976715168,-2.3177398499828903,-2.0666583171821618,-2.137457047960073,0.12845376709322429,37
39,11.862352053324381,0.7070391021120318,0.04747128486633301,0.0030284382965320225,tanh,0.05,"(1176, 294, 147, 73)",adaptive,0.1,adam,"{'activation': 'tanh', 'alpha': 0.05, 'hidden_layer_sizes': (1176, 294, 147, 73), 'learning_rate': 'adaptive', 'learning_rate_init': 0.1, 'solver': 'adam'}",-2.840970047795564,-2.7782473239018493,-2.816016184062082,-2.8117445185864987,0.025783979103482856,43
40,281.58770028750104,59.4936547294976,0.11592260996500652,0.09067061849816649,relu,0.0001,"(1176, 588)",constant,0.0001,adam,"{'activation': 'relu', 'alpha': 0.0001, 'hidden_layer_sizes': (1176, 588), 'learning_rate': 'constant', 'learning_rate_init': 0.0001, 'solver': 'adam'}",-2.0183105914927753,-2.054408103935747,-2.120497922168037,-2.064405539198853,0.04231252116898585,30
41,81.03983934720357,74.34055908810042,0.05516807238260905,0.007466351199478604,relu,0.0001,"(1176, 588)",constant,0.1,adam,"{'activation': 'relu', 'alpha': 0.0001, 'hidden_layer_sizes': (1176, 588), 'learning_rate': 'constant', 'learning_rate_init': 0.1, 'solver': 'adam'}",-2.8610989843452233,-5.330056200553605,-3.0937246307665136,-3.7616266052217804,1.1131059307115363,64
42,283.67256172498065,30.742675070314995,0.12800677617390951,0.10060975168725608,relu,0.0001,"(1176, 588)",adaptive,0.0001,adam,"{'activation': 'relu', 'alpha': 0.0001, 'hidden_layer_sizes': (1176, 588), 'learning_rate': 'adaptive', 'learning_rate_init': 0.0001, 'solver': 'adam'}",-2.13564463560082,-2.149321106624057,-2.130966812390858,-2.1386441848719113,0.007787511415593202,38
43,80.66932741800944,33.09789535559614,0.06472579638163249,0.005962807796578375,relu,0.0001,"(1176, 588)",adaptive,0.1,adam,"{'activation': 'relu', 'alpha': 0.0001, 'hidden_layer_sizes': (1176, 588), 'learning_rate': 'adaptive', 'learning_rate_init': 0.1, 'solver': 'adam'}",-2.8491171202379397,-2.7883848111770275,-2.840150417435538,-2.825884116283502,0.026767503337542013,46
44,201.9084930419922,80.59515846146151,0.09456642468770345,0.03620385680646816,relu,0.0001,"(1176, 588, 294)",constant,0.0001,adam,"{'activation': 'relu', 'alpha': 0.0001, 'hidden_layer_sizes': (1176, 588, 294), 'learning_rate': 'constant', 'learning_rate_init': 0.0001, 'solver': 'adam'}",-2.013748839219626,-1.9086121431537093,-2.1504748900297628,-2.0242786241343658,0.09902038295007917,25
45,52.15219688415527,17.102547690148015,0.0626378059387207,0.00637297160237235,relu,0.0001,"(1176, 588, 294)",constant,0.1,adam,"{'activation': 'relu', 'alpha': 0.0001, 'hidden_layer_sizes': (1176, 588, 294), 'learning_rate': 'constant', 'learning_rate_init': 0.1, 'solver': 'adam'}",-8.181025542613979,-2.7472231204640067,-2.823992413919093,-4.584080358999026,2.5436174203356527,65
46,364.94113127390546,72.58481514296332,0.06354832649230957,0.01665413992063195,relu,0.0001,"(1176, 588, 294)",adaptive,0.0001,adam,"{'activation': 'relu', 'alpha': 0.0001, 'hidden_layer_sizes': (1176, 588, 294), 'learning_rate': 'adaptive', 'learning_rate_init': 0.0001, 'solver': 'adam'}",-1.8549468787237862,-1.9489889643270097,-2.055170024706842,-1.953035289252546,0.08179081694946065,3
47,74.93716462453206,43.30540338119133,0.06547657648722331,0.005721151667276894,relu,0.0001,"(1176, 588, 294)",adaptive,0.1,adam,"{'activation': 'relu', 'alpha': 0.0001, 'hidden_layer_sizes': (1176, 588, 294), 'learning_rate': 'adaptive', 'learning_rate_init': 0.1, 'solver': 'adam'}",-10.618416554671404,-2.9878900293313317,-2.8472228633676946,-5.484509815790144,3.630674465857354,67
48,231.8679027557373,79.79415227543033,0.0689388910929362,0.01762588355776432,relu,0.0001,"(1176, 294, 147)",constant,0.0001,adam,"{'activation': 'relu', 'alpha': 0.0001, 'hidden_layer_sizes': (1176, 294, 147), 'learning_rate': 'constant', 'learning_rate_init': 0.0001, 'solver': 'adam'}",-1.815655430817572,-2.01623923119728,-2.173156455621479,-2.001683705878777,0.14631163811520959,16
49,39.34294621149699,12.04604149435785,0.09450483322143555,0.02030973200134222,relu,0.0001,"(1176, 294, 147)",constant,0.1,adam,"{'activation': 'relu', 'alpha': 0.0001, 'hidden_layer_sizes': (1176, 294, 147), 'learning_rate': 'constant', 'learning_rate_init': 0.1, 'solver': 'adam'}",-3.4493102688836275,-2.7891630368438487,-2.774374518523313,-3.0042826080835963,0.3147399871072309,61
50,178.93159850438437,2.2488606916238125,0.12793143590291342,0.08150540002030265,relu,0.0001,"(1176, 294, 147)",adaptive,0.0001,adam,"{'activation': 'relu', 'alpha': 0.0001, 'hidden_layer_sizes': (1176, 294, 147), 'learning_rate': 'adaptive', 'learning_rate_init': 0.0001, 'solver': 'adam'}",-1.9850221794667255,-1.8872531219569109,-2.1180922181265567,-1.9967891731833978,0.0946062671847586,12
51,62.03990395863851,56.25082198126139,0.06067864100138346,0.0077600419653975385,relu,0.0001,"(1176, 294, 147)",adaptive,0.1,adam,"{'activation': 'relu', 'alpha': 0.0001, 'hidden_layer_sizes': (1176, 294, 147), 'learning_rate': 'adaptive', 'learning_rate_init': 0.1, 'solver': 'adam'}",-10.458937896392634,-4.6103509585291444,-2.730853943201781,-5.933380932707853,3.2907574235853336,69
52,279.6183880964915,42.615008543424274,0.10038598378499348,0.03705066899209944,relu,0.0001,"(1176, 588, 294, 147)",constant,0.0001,adam,"{'activation': 'relu', 'alpha': 0.0001, 'hidden_layer_sizes': (1176, 588, 294, 147), 'learning_rate': 'constant', 'learning_rate_init': 0.0001, 'solver': 'adam'}",-1.9151565380932576,-1.9724904953411038,-2.0753476946182983,-1.9876649093508867,0.06627216000510189,11
53,34.17650564511617,9.895075722743027,0.0854654312133789,0.017698675512934164,relu,0.0001,"(1176, 588, 294, 147)",constant,0.1,adam,"{'activation': 'relu', 'alpha': 0.0001, 'hidden_layer_sizes': (1176, 588, 294, 147), 'learning_rate': 'constant', 'learning_rate_init': 0.1, 'solver': 'adam'}",-2.6935098186394404,-390.40253185186924,-10.975069804925747,-134.69037049181148,180.84740927003588,79
54,247.34127235412598,50.93211220820179,0.11250440279642741,0.03740955989043538,relu,0.0001,"(1176, 588, 294, 147)",adaptive,0.0001,adam,"{'activation': 'relu', 'alpha': 0.0001, 'hidden_layer_sizes': (1176, 588, 294, 147), 'learning_rate': 'adaptive', 'learning_rate_init': 0.0001, 'solver': 'adam'}",-1.838968138583571,-1.9853443381940605,-2.1818832754999384,-2.00206525075919,0.14049291671196046,17
55,150.06577809651694,158.15522166252705,0.05216813087463379,0.009590109677283127,relu,0.0001,"(1176, 588, 294, 147)",adaptive,0.1,adam,"{'activation': 'relu', 'alpha': 0.0001, 'hidden_layer_sizes': (1176, 588, 294, 147), 'learning_rate': 'adaptive', 'learning_rate_init': 0.1, 'solver': 'adam'}",-2.9160170260549214,-2.7738327890432233,-8.64872382080622,-4.779524545301455,2.736552741983802,66
56,222.20231493314108,78.75250955869792,0.054016669591267906,0.006111490081533248,relu,0.0001,"(1176, 294, 147, 73)",constant,0.0001,adam,"{'activation': 'relu', 'alpha': 0.0001, 'hidden_layer_sizes': (1176, 294, 147, 73), 'learning_rate': 'constant', 'learning_rate_init': 0.0001, 'solver': 'adam'}",-1.9627301348342272,-1.8877149948715048,-2.0487929933321305,-1.9664127076792877,0.0658113536511227,6
57,39.69562292098999,10.800739170124418,0.09543180465698242,0.03392954329714859,relu,0.0001,"(1176, 294, 147, 73)",constant,0.1,adam,"{'activation': 'relu', 'alpha': 0.0001, 'hidden_layer_sizes': (1176, 294, 147, 73), 'learning_rate': 'constant', 'learning_rate_init': 0.1, 'solver': 'adam'}",-2.853103682128281,-3.2418862471793557,-2.6565688391213773,-2.9171862561430046,0.2432132798775482,57
58,198.79261461893717,92.91272132088245,0.07943518956502278,0.05064958190025938,relu,0.0001,"(1176, 294, 147, 73)",adaptive,0.0001,adam,"{'activation': 'relu', 'alpha': 0.0001, 'hidden_layer_sizes': (1176, 294, 147, 73), 'learning_rate': 'adaptive', 'learning_rate_init': 0.0001, 'solver': 'adam'}",-1.8403868715216067,-1.9230542473466616,-2.2313664812445,-1.9982692000375895,0.16824432756359706,13
59,32.28626664479574,12.459894048195476,0.05208198229471842,0.004337956435190807,relu,0.0001,"(1176, 294, 147, 73)",adaptive,0.1,adam,"{'activation': 'relu', 'alpha': 0.0001, 'hidden_layer_sizes': (1176, 294, 147, 73), 'learning_rate': 'adaptive', 'learning_rate_init': 0.1, 'solver': 'adam'}",-10.645151405204828,-2.990415175883249,-2.8461741039870323,-5.493913561691703,3.642951171970033,68
60,302.7419545650482,38.468193971370575,0.04723095893859863,0.008942287767621236,relu,0.05,"(1176, 588)",constant,0.0001,adam,"{'activation': 'relu', 'alpha': 0.05, 'hidden_layer_sizes': (1176, 588), 'learning_rate': 'constant', 'learning_rate_init': 0.0001, 'solver': 'adam'}",-1.9679134042065514,-1.9307705602034988,-2.1230359316067977,-2.007239965338949,0.08327235262713666,20
61,69.7587338288625,58.24804114082247,0.05924312273661295,0.007149764820067726,relu,0.05,"(1176, 588)",constant,0.1,adam,"{'activation': 'relu', 'alpha': 0.05, 'hidden_layer_sizes': (1176, 588), 'learning_rate': 'constant', 'learning_rate_init': 0.1, 'solver': 'adam'}",-10.615918507766471,-2.040415594096033,-10.75733437559458,-7.804556159152362,4.076271740386821,70
62,229.45497179031372,49.54066099573541,0.07858443260192871,0.04328937545567492,relu,0.05,"(1176, 588)",adaptive,0.0001,adam,"{'activation': 'relu', 'alpha': 0.05, 'hidden_layer_sizes': (1176, 588), 'learning_rate': 'adaptive', 'learning_rate_init': 0.0001, 'solver': 'adam'}",-1.9607406677951738,-2.1336767109328796,-2.1171555411525316,-2.0705243066268615,0.07792121140003166,33
63,25.998417297999065,4.240062276331687,0.07092086474100749,0.019627596443280534,relu,0.05,"(1176, 588)",adaptive,0.1,adam,"{'activation': 'relu', 'alpha': 0.05, 'hidden_layer_sizes': (1176, 588), 'learning_rate': 'adaptive', 'learning_rate_init': 0.1, 'solver': 'adam'}",-12.85425856095352,-19.176588687450664,-10.895212962946879,-14.308686737117021,3.5338191768787364,74
64,255.97430968284607,19.856970507187683,0.044566949208577476,0.004257687104357536,relu,0.05,"(1176, 588, 294)",constant,0.0001,adam,"{'activation': 'relu', 'alpha': 0.05, 'hidden_layer_sizes': (1176, 588, 294), 'learning_rate': 'constant', 'learning_rate_init': 0.0001, 'solver': 'adam'}",-1.8506686489164073,-2.1159280587681035,-2.0875162101347255,-2.018037639273079,0.11891479438502792,23
65,159.039360443751,130.71557436982727,0.05763451258341471,0.02390891648620877,relu,0.05,"(1176, 588, 294)",constant,0.1,adam,"{'activation': 'relu', 'alpha': 0.05, 'hidden_layer_sizes': (1176, 588, 294), 'learning_rate': 'constant', 'learning_rate_init': 0.1, 'solver': 'adam'}",-5.522935710008926,-133.21181788579213,-2.8421582028292476,-47.19230393287677,60.83482679919785,77
66,241.847722530365,29.54116842987227,0.04562028249104818,0.00647221813891006,relu,0.05,"(1176, 588, 294)",adaptive,0.0001,adam,"{'activation': 'relu', 'alpha': 0.05, 'hidden_layer_sizes': (1176, 588, 294), 'learning_rate': 'adaptive', 'learning_rate_init': 0.0001, 'solver': 'adam'}",-1.8343994709009122,-2.097404406917067,-2.1099439083720073,-2.0139159287299955,0.12704048894692435,22
67,74.68504858016968,31.202174416490244,0.07504940032958984,0.009321194847708447,relu,0.05,"(1176, 588, 294)",adaptive,0.1,adam,"{'activation': 'relu', 'alpha': 0.05, 'hidden_layer_sizes': (1176, 588, 294), 'learning_rate': 'adaptive', 'learning_rate_init': 0.1, 'solver': 'adam'}",-3.1574265960410974,-331.3640172908026,-165.25488139255046,-166.59210842646473,133.99311593256039,80
68,195.73059717814127,18.828356346063497,0.045679569244384766,0.0060496125267635445,relu,0.05,"(1176, 294, 147)",constant,0.0001,adam,"{'activation': 'relu', 'alpha': 0.05, 'hidden_layer_sizes': (1176, 294, 147), 'learning_rate': 'constant', 'learning_rate_init': 0.0001, 'solver': 'adam'}",-1.993228645314867,-2.059310062380906,-2.1846245283626677,-2.0790544120194805,0.07937453629848615,34
69,116.93948554992676,118.0178789092754,0.04049062728881836,0.012823433016645399,relu,0.05,"(1176, 294, 147)",constant,0.1,adam,"{'activation': 'relu', 'alpha': 0.05, 'hidden_layer_sizes': (1176, 294, 147), 'learning_rate': 'constant', 'learning_rate_init': 0.1, 'solver': 'adam'}",-12.425573497768843,-2.7790983801249385,-98.17899230419357,-37.79455472736245,42.879473307178046,76
70,221.50926232337952,29.609349727587137,0.03237104415893555,0.00536453573662932,relu,0.05,"(1176, 294, 147)",adaptive,0.0001,adam,"{'activation': 'relu', 'alpha': 0.05, 'hidden_layer_sizes': (1176, 294, 147), 'learning_rate': 'adaptive', 'learning_rate_init': 0.0001, 'solver': 'adam'}",-1.8630228537087377,-1.8518242738325377,-2.1161608080109686,-1.9436693118507478,0.1220555590254003,2
71,280.3856256008148,10.991912628463263,0.021935304005940754,0.0016678811061785258,relu,0.05,"(1176, 294, 147)",adaptive,0.1,adam,"{'activation': 'relu', 'alpha': 0.05, 'hidden_layer_sizes': (1176, 294, 147), 'learning_rate': 'adaptive', 'learning_rate_init': 0.1, 'solver': 'adam'}",-2.8552014840864985,-10.103824363648181,-10.561371400125825,-7.8401324159535015,3.52982432228203,71
72,201.02548130353293,19.3527604265795,0.03798468907674154,0.004992054653582252,relu,0.05,"(1176, 588, 294, 147)",constant,0.0001,adam,"{'activation': 'relu', 'alpha': 0.05, 'hidden_layer_sizes': (1176, 588, 294, 147), 'learning_rate': 'constant', 'learning_rate_init': 0.0001, 'solver': 'adam'}",-1.8324318214511228,-1.9422394736896706,-2.155242976057692,-1.9766380903994951,0.134012957105569,8
73,89.27621134122212,88.44631057432699,0.07327993710835774,0.027790083654416195,relu,0.05,"(1176, 588, 294, 147)",constant,0.1,adam,"{'activation': 'relu', 'alpha': 0.05, 'hidden_layer_sizes': (1176, 588, 294, 147), 'learning_rate': 'constant', 'learning_rate_init': 0.1, 'solver': 'adam'}",-10.689109125762892,-11.041719459719056,-14.634719651213112,-12.121849412231688,1.7826891933952096,73
74,137.262136220932,21.201609755237257,0.04697950681050619,0.005552114822229539,relu,0.05,"(1176, 588, 294, 147)",adaptive,0.0001,adam,"{'activation': 'relu', 'alpha': 0.05, 'hidden_layer_sizes': (1176, 588, 294, 147), 'learning_rate': 'adaptive', 'learning_rate_init': 0.0001, 'solver': 'adam'}",-1.9777029485935798,-1.9347441985778657,-2.2084421421994045,-2.0402964297902835,0.12018346808638398,27
75,150.7375752131144,66.72161303356766,0.0919192632039388,0.08846584537953285,relu,0.05,"(1176, 588, 294, 147)",adaptive,0.1,adam,"{'activation': 'relu', 'alpha': 0.05, 'hidden_layer_sizes': (1176, 588, 294, 147), 'learning_rate': 'adaptive', 'learning_rate_init': 0.1, 'solver': 'adam'}",-9.040191316399596,-5.369710273657168,-30.24955683449993,-14.8864861415189,10.966192399352732,75
76,193.9662082195282,22.136910135313613,0.02390909194946289,0.002470476389686268,relu,0.05,"(1176, 294, 147, 73)",constant,0.0001,adam,"{'activation': 'relu', 'alpha': 0.05, 'hidden_layer_sizes': (1176, 294, 147, 73), 'learning_rate': 'constant', 'learning_rate_init': 0.0001, 'solver': 'adam'}",-1.832469718497597,-1.9148114245355539,-2.117176824235746,-1.9548193224229655,0.11962443433366936,4
77,16.055127779642742,1.328750881060132,0.1014098326365153,0.061137154280295335,relu,0.05,"(1176, 294, 147, 73)",constant,0.1,adam,"{'activation': 'relu', 'alpha': 0.05, 'hidden_layer_sizes': (1176, 294, 147, 73), 'learning_rate': 'constant', 'learning_rate_init': 0.1, 'solver': 'adam'}",-10.464210359024841,-11.615573923668936,-11.390775623016657,-11.15685330190348,0.4982966009207247,72
78,144.08203975359598,31.290305783920996,0.027724186579386394,0.00710678286772665,relu,0.05,"(1176, 294, 147, 73)",adaptive,0.0001,adam,"{'activation': 'relu', 'alpha': 0.05, 'hidden_layer_sizes': (1176, 294, 147, 73), 'learning_rate': 'adaptive', 'learning_rate_init': 0.0001, 'solver': 'adam'}",-1.8659740200641755,-1.9840377282630237,-2.1610396452632497,-2.003683797863483,0.12125842055046376,19
79,71.07212058703105,69.06369603331545,0.09558725357055664,0.0751748639879474,relu,0.05,"(1176, 294, 147, 73)",adaptive,0.1,adam,"{'activation': 'relu', 'alpha': 0.05, 'hidden_layer_sizes': (1176, 294, 147, 73), 'learning_rate': 'adaptive', 'learning_rate_init': 0.1, 'solver': 'adam'}",-10.49907120366836,-2.7811400846687175,-222.83651754153664,-78.70557627662457,101.96465985043234,78
